year_clean,Male,Female,Unknown,Articles,Total_Authors,Female_Pct,Male_Pct,Unknown_Pct
1985,2,0,0,1,2,0.0,100.0,0.0
1987,2,0,1,2,3,0.0,66.66666666666666,33.33333333333333
2001,0,1,0,1,1,100.0,0.0,0.0
2006,0,0,1,1,1,0.0,0.0,100.0
2007,0,0,1,1,1,0.0,0.0,100.0
2010,1,0,1,2,2,0.0,50.0,50.0
2014,0,0,2,1,2,0.0,0.0,100.0
2015,2,0,6,3,8,0.0,25.0,75.0
2017,19,5,28,14,52,9.615384615384617,36.53846153846153,53.84615384615385
2018,39,5,61,44,105,4.761904761904762,37.142857142857146,58.0952380952381
2019,124,19,121,119,264,7.196969696969697,46.96969696969697,45.83333333333333
2020,221,36,267,175,524,6.870229007633588,42.17557251908397,50.95419847328244
2021,201,63,302,181,566,11.130742049469964,35.51236749116608,53.35689045936396
2022,280,44,388,232,712,6.179775280898876,39.325842696629216,54.49438202247191
2023,441,81,531,358,1053,7.6923076923076925,41.88034188034188,50.427350427350426
2024,583,111,689,454,1383,8.026030368763557,42.15473608098337,49.819233550253074
2025,775,152,925,537,1852,8.207343412526997,41.84665226781858,49.94600431965443
2026,517,93,618,397,1228,7.5732899022801305,42.10097719869707,50.3257328990228
