Author,Number of Articles,Total Citations,Average Citations,h-index,g-index
Aldo von Wangenheim,4,81,20.25,2,4
Karla Aparecida Justen,1,76,76.0,1,1
Thiago Rateke,1,76,76.0,1,1
Ivan Torres Pisa,3,75,25.0,2,3
Frederico Molina Cohrs,1,70,70.0,1,1
Heimar de Fátima Marín,1,70,70.0,1,1
Josceli Maria Tenório,1,70,70.0,1,1
Vera Lúcia Sdepanian,1,70,70.0,1,1
André C. P. L. F. de Carvalho,2,59,29.5,2,2
Ana Carolina Lorena,2,59,29.5,2,2
Thiago Alexandre Salgueiro Pardo,3,59,19.666666666666668,2,3
Maria das Graças Volpe Nunes,1,50,50.0,1,1
Rodrigo Luis de Souza da Silva,3,44,14.666666666666666,2,3
Rian Dutra da Cunha,2,42,21.0,2,2
Frâncila Weidt Neiva,2,42,21.0,2,2
Siome Goldenstein,3,41,13.666666666666666,2,3
Gladimir V. G. Baranoski,2,40,20.0,2,2
Aravind Krishnaswamy,1,38,38.0,1,1
Marílton Sanchotene de Aguiar,2,34,17.0,2,2
Egberto Pereira,1,26,26.0,1,1
Camila Martins Saporetti,1,26,26.0,1,1
Luciana Foss,4,26,6.5,2,4
Renata Reiser,3,26,8.666666666666666,2,3
Tales Lima Fonseca,1,26,26.0,1,1
Leonardo Goliatt,2,26,13.0,1,2
Grasiele Regina Duarte,1,26,26.0,1,1
Simone André da Costa Cavalheiro,4,26,6.5,2,4
Mônica Marques da Cunha,1,23,23.0,1,1
Yuri Weisshahn,1,23,23.0,1,1
Adriana Bordini,1,23,23.0,1,1
Christiano Avila,1,23,23.0,1,1
Alana Marques de Morais,1,21,21.0,1,1
Ana Maria Gondim Valença,1,21,21.0,1,1
Anderson Rocha,1,21,21.0,1,1
Stringhini Stringhini,1,21,21.0,1,1
Maurício Marengoni,1,21,21.0,1,1
Liliane dos Santos Machado,1,21,21.0,1,1
Henrique Luiz Cukierman,1,20,20.0,1,1
Cássio Adriano Nunes Teixeira,1,20,20.0,1,1
Rafael Prikladnicki,1,20,20.0,1,1
Flávio Luiz Schiavoni,2,19,9.5,1,2
Luan Luiz Gonçalves,1,19,19.0,1,1
Giovani Baratto,1,17,17.0,1,1
Thiago L. T. da Silveira,1,17,17.0,1,1
Wesley K. G. Assunção,1,17,17.0,1,1
Thelma Elita Colanzi,1,17,17.0,1,1
Sílvia Regina Vergílio,2,17,8.5,1,2
Eduardo Tiago Braun,1,17,17.0,1,1
Cesar Ramos Rodrigues,1,17,17.0,1,1
Aurora Pozo,1,17,17.0,1,1
Alice Kozakevicius,3,17,5.666666666666667,1,3
Celso A. A. Kaestner,1,16,16.0,1,1
Sarajane Marques Peres,2,16,8.0,2,2
Alane M. de Lima,1,15,15.0,1,1
Renato Carmo,1,15,15.0,1,1
Lisane Brisolara,2,15,7.5,2,2
João Fernando Mari,8,14,1.75,3,3
Júlio César Duarte,4,14,3.5,2,3
Giovani Farias,2,14,7.0,2,2
Sandra M. Venske,3,13,4.333333333333333,1,3
Abilio G. Parada,1,13,13.0,1,1
Milena Rota Sena Marques,1,13,13.0,1,1
Lucas Siqueira,1,12,12.0,1,1
André Pinz Borges,2,12,6.0,1,2
Diana F. Adamatti,2,12,6.0,1,2
Bruna Leitzke,1,11,11.0,1,1
Gleifer Vaz Alves,1,11,11.0,1,1
Fabian César Pereira Brandão Manoel,1,11,11.0,1,1
Vasco N. G. J. Soares,5,11,2.2,2,3
Lucas Fernando Souza de Castro,1,11,11.0,1,1
Míriam Blank Born,1,11,11.0,1,1
Vinicius Souza de Jesus,1,11,11.0,1,1
Leandro Henrique Furtado Pinto Silva,7,11,1.5714285714285714,2,3
Jacques Wainer,1,11,11.0,1,1
Jerônimo Pellegrini,1,11,11.0,1,1
Carlos Eduardo Pantoja,1,11,11.0,1,1
Helton Hideraldo Bíscaro,1,10,10.0,1,1
João M. L. P. Caldeira,4,10,2.5,2,3
Elizabeth Ferreira Gouvêa Goldbarg,4,10,2.5,2,3
Eanes Torres Pereira,4,10,2.5,2,3
Clodis Boscarioli,1,10,10.0,1,1
Guilherme Ribeiro Sales,5,10,2.0,1,3
Marco C. Goldbarg,4,10,2.5,2,3
Valentino Corso,5,10,2.0,1,3
Thiago Rocha,1,10,10.0,1,1
Pedro Dinis Gaspar,4,10,2.5,2,3
Renata C. B. Madeo,1,10,10.0,1,1
Dimas Augusto Mendes Lemes,3,10,3.3333333333333335,1,3
Xavier Franch,1,9,9.0,1,1
Ricardo Araujo Matsumura,1,9,9.0,1,1
Jordi Marco,1,9,9.0,1,1
Bernardo Feijó Junqueira,2,9,4.5,1,2
Ana L. C. Bazzan,3,9,3.0,2,3
André Ricardo Backes,9,9,1.0,2,2
Antônio Carlos da Rocha Costa,4,9,2.25,2,2
Cides S. Bezerra,3,9,3.0,1,3
Carlos V.S. Araújo,1,9,9.0,1,1
Wagner da Silva Maciel Sodré,1,9,9.0,1,1
Daniela F. Brauner,1,9,9.0,1,1
Larissa Ferreira Rodrigues Moreira,11,9,0.8181818181818182,2,2
Cristian Cechinel,1,9,9.0,1,1
Douglas Detoni,1,9,9.0,1,1
Lidia López,1,9,9.0,1,1
Gustavo Callou,6,9,1.5,2,2
Marco Cristo,1,9,9.0,1,1
Rafael Giusti,1,9,9.0,1,1
Bianca Aparecida Andrade,2,8,4.0,1,2
Vanessa Kaplum Foleis,1,8,8.0,1,1
Sidney Pimentel Eleutério,1,8,8.0,1,1
Paula Christina Figueira Cardoso,1,8,8.0,1,1
Rodrigo Fernandes de Mello,4,8,2.0,1,2
Danielli Araújo Lima,2,8,4.0,2,2
Leandro A. F. Fernandes,1,8,8.0,1,1
Cinthyan Renata Sachs Camerlengo de Barbosa,3,8,2.6666666666666665,2,2
Vitor F. Pamplona,1,8,8.0,1,1
José Guilherme Picolo,1,8,8.0,1,1
Henrique Bergamo Shigihara,1,8,8.0,1,1
Jaime Simão Sichman,4,8,2.0,2,2
Graçaliz Pereira Dimuro,2,8,4.0,2,2
Rafael Ribaldo,1,8,8.0,1,1
João Marques Carvalho,1,8,8.0,1,1
Hélio Pedrini,2,8,4.0,2,2
Marcelo Luis Rodrigues Filho,1,8,8.0,1,1
Luciana Nedel,1,8,8.0,1,1
Manuel M. Oliveira,1,8,8.0,1,1
Luciano Antônio Digiampietri,4,8,2.0,2,2
Omar Andrés Carmona Cortes,1,8,8.0,1,1
João Luis Prauchner,1,8,8.0,1,1
Carlos R. Lopes,1,7,7.0,1,1
Alison Zille Lopes,1,7,7.0,1,1
Judith Kelner,3,7,2.3333333333333335,2,2
Fabiano A. Dorça,1,7,7.0,1,1
Fátima L. S. Nunes,2,7,3.5,2,2
Leandro Ferreira,1,7,7.0,1,1
Anderson Rocha Tavares,2,7,3.5,2,2
Márcia A. Fernandes,1,7,7.0,1,1
Wilian Soares Lacerda,1,7,7.0,1,1
Tadayuki Yanagi,1,7,7.0,1,1
Luciano Vieira Lima,1,7,7.0,1,1
Verônica Teichrieb,2,7,3.5,2,2
Bianca Panacho Ferreira,1,6,6.0,1,1
Alexandra Katiuska Ramos Diaz,1,6,6.0,1,1
Carlos Melo,1,6,6.0,1,1
Carina Alves,1,6,6.0,1,1
Débora Nayar Hoff,1,6,6.0,1,1
Edson C. Kitani,2,6,3.0,2,2
Jaqueline A. J. P. Soares,1,6,6.0,1,1
Higor Monteiro,1,6,6.0,1,1
Jamilson Dantas,1,6,6.0,1,1
Diego Nunes Molinos,1,6,6.0,1,1
Daniel Mesquita,1,6,6.0,1,1
Eduardo Cassiano Silva,1,6,6.0,1,1
Felippe Brandão Barros,1,6,6.0,1,1
Gilson A. Giraldi,3,6,2.0,1,2
Rafael Santos,1,6,6.0,1,1
Paulo Maciel,3,6,2.0,1,2
Paulo Silva,1,6,6.0,1,1
Pedro Henrique Campos Moreira,1,6,6.0,1,1
Maurício Alves Loureiro,1,6,6.0,1,1
Ronierison Maciel,1,6,6.0,1,1
Tairone Magalhães,1,6,6.0,1,1
Vitor M. T. Aleluia,1,6,6.0,1,1
