DOI,Title,Author,OpenAlex ID,Abstract,Article References,Times Cited,Publication Year,Publisher,Keywords,Affiliations,Country,Document Type,Language,Open Access,Funding,Concepts,Journal,Location,Address,Volume,Issue,Pages,ISSN,Source File
10.22456/2175-2745.10082,Geração de Testes de Desempenho e Estresse a partir de Testes Funcionais,,,,,,,,,,,,,,,,,,,,,,,articles-RITA-20260617-dointext.csv
10.22456/2175-2745.100968,A Mechanized Proof of a Textbook Type Unification Algorithm,,,,,,,,,,,,,,,,,,,,,,,articles-RITA-20260617-dointext.csv
10.22456/2175-2745.102061,A New Artificial Immune System Based on Continuous Learning for Pattern Recognition,,,,,,,,,,,,,,,,,,,,,,,articles-RITA-20260617-dointext.csv
10.22456/2175-2745.103182,Low-Latency f0 Estimation for the Finger Plucked Electric Bass Guitar Using the Absolute Difference Function,,,,,,,,,,,,,,,,,,,,,,,articles-RITA-20260617-dointext.csv
10.22456/2175-2745.10385,TSML: A XML-based Format for Exchange of Training Samples for Pattern Recognition in Remote Sensing Images,,,,,,,,,,,,,,,,,,,,,,,articles-RITA-20260617-dointext.csv
10.22456/2175-2745.104342,Creating Digital Musical Instruments with libmosaic-sound and Mosaicode,,,,,,,,,,,,,,,,,,,,,,,articles-RITA-20260617-dointext.csv
10.22456/2175-2745.105893,Overload Control in a Token Player for a Fuzzy Workflow Management System,,,,,,,,,,,,,,,,,,,,,,,articles-RITA-20260617-dointext.csv
10.22456/2175-2745.106277,An operational support approach for Mining Unstructured Business Processes,,,,,,,,,,,,,,,,,,,,,,,articles-RITA-20260617-dointext.csv
10.22456/2175-2745.106794,Cloud infrastructure for HPC investment analysis,,,,,,,,,,,,,,,,,,,,,,,articles-RITA-20260617-dointext.csv
10.22456/2175-2745.106828,Business Process Models in the Context of Predictive Process Monitoring,,,,,,,,,,,,,,,,,,,,,,,articles-RITA-20260617-dointext.csv
10.22456/2175-2745.106891,Integrating Exploitative and Explorative Thinking in Business Process Analysis: A Conceptual Model and Method,,,,,,,,,,,,,,,,,,,,,,,articles-RITA-20260617-dointext.csv
10.22456/2175-2745.107021,A Model for Predicting Music Popularity on Streaming Platforms,,,,,,,,,,,,,,,,,,,,,,,articles-RITA-20260617-dointext.csv
10.22456/2175-2745.107041,An Agent-Based Model for Simulating Irrigated Agriculture in the Samambaia Basin in Goiás,,,,,,,,,,,,,,,,,,,,,,,articles-RITA-20260617-dointext.csv
10.22456/2175-2745.107128,Hash Tables for a Digital Lexicon,,,,,,,,,,,,,,,,,,,,,,,articles-RITA-20260617-dointext.csv
10.22456/2175-2745.107149,System for Identifying Pests and Diseases in Soybean Crop through Natural Language Processing,,,,,,,,,,,,,,,,,,,,,,,articles-RITA-20260617-dointext.csv
10.22456/2175-2745.107154,Centralized Algorithms Based on Clustering with Self-tuning of Parameters for Cooperative Target Observation,,,,,,,,,,,,,,,,,,,,,,,articles-RITA-20260617-dointext.csv
10.22456/2175-2745.107176,Dimensioning the relationship between availability and data center energy flow metrics,,,,,,,,,,,,,,,,,,,,,,,articles-RITA-20260617-dointext.csv
10.22456/2175-2745.107202,Iracema: a Python library for audio content analysis,,,,,,,,,,,,,,,,,,,,,,,articles-RITA-20260617-dointext.csv
10.22456/2175-2745.107292,Challenges and Perspectives on Real-time Singing Voice Synthesis,,,,,,,,,,,,,,,,,,,,,,,articles-RITA-20260617-dointext.csv
10.22456/2175-2745.107478,Optimization Inspired on Herd Immunity Applied to Non-Hierarchical Grouping of Objects,,,,,,,,,,,,,,,,,,,,,,,articles-RITA-20260617-dointext.csv
10.22456/2175-2745.107748,Co-creating Service-Dominant Business Artifacts with Action Design Research: Towards Ambidextrous Business Process Management,,,,,,,,,,,,,,,,,,,,,,,articles-RITA-20260617-dointext.csv
10.22456/2175-2745.107964,The Explainable Business Process (XBP) - An Exploratory Research,,,,,,,,,,,,,,,,,,,,,,,articles-RITA-20260617-dointext.csv
10.22456/2175-2745.108126,Classification Based on Rules for the Study of Cotton Productivity in the State of Mato Grosso,,,,,,,,,,,,,,,,,,,,,,,articles-RITA-20260617-dointext.csv
10.22456/2175-2745.110015,Using the Myers-Briggs Type Indicator (MBTI) for Modeling Multiagent Systems,,,,,,,,,,,,,,,,,,,,,,,articles-RITA-20260617-dointext.csv
10.22456/2175-2745.110111,A Novel Approach to the Measurement of Bourdieusian Social Capital within Institutional Pages and Profiles,,,,,,,,,,,,,,,,,,,,,,,articles-RITA-20260617-dointext.csv
10.22456/2175-2745.11066,Implantação de Medição no Processo de Desenvolvimento de Software – Relato de Experiência e Lições Aprendidas,,,,,,,,,,,,,,,,,,,,,,,articles-RITA-20260617-dointext.csv
10.22456/2175-2745.110818,An Adaptive Trust Model Based on Fuzzy Logic,,,,,,,,,,,,,,,,,,,,,,,articles-RITA-20260617-dointext.csv
10.22456/2175-2745.110830,A Conceptual Model for Situating Purposes in Artificial Institutions,,,,,,,,,,,,,,,,,,,,,,,articles-RITA-20260617-dointext.csv
10.22456/2175-2745.110837,Integrating Embedded Multiagent Systems with Urban Simulation Tools and IoT Applications,,,,,,,,,,,,,,,,,,,,,,,articles-RITA-20260617-dointext.csv
10.22456/2175-2745.111817,Towards Causal Effect Estimation of Emotional Labeling of Watched Videos,,,,,,,,,,,,,,,,,,,,,,,articles-RITA-20260617-dointext.csv
10.22456/2175-2745.111993,Ab Initio Protein Structure Prediction Using Evolutionary Approach: A Survey,,,,,,,,,,,,,,,,,,,,,,,articles-RITA-20260617-dointext.csv
10.22456/2175-2745.112006,The Notification Oriented Paradigm Language to Digital Hardware as an Intuitive High-level Synthesis Tool,,,,,,,,,,,,,,,,,,,,,,,articles-RITA-20260617-dointext.csv
10.22456/2175-2745.11221,Identificação da Autoria de Manuscritos com Base em Atributos Genéticos e Genéricos da Escrita,,,,,,,,,,,,,,,,,,,,,,,articles-RITA-20260617-dointext.csv
10.22456/2175-2745.112813,A Review of Testbeds on SCADA Systems with Malware Analysis,,,,,,,,,,,,,,,,,,,,,,,articles-RITA-20260617-dointext.csv
10.22456/2175-2745.11296,Ambiente Virtual Interativo com Colisão e Deformação de Objetos para Treinamento Médico,,,,,,,,,,,,,,,,,,,,,,,articles-RITA-20260617-dointext.csv
10.22456/2175-2745.11384,QOC*: utilizando Design Rationale como ferramenta para gerenciar conhecimento em projetos de software,,,,,,,,,,,,,,,,,,,,,,,articles-RITA-20260617-dointext.csv
10.22456/2175-2745.11467,Uso da ferramenta PreText para mineração de textos extraídos do NCBI para estudo epistemológico da Informática em Saúde,,,,,,,,,,,,,,,,,,,,,,,articles-RITA-20260617-dointext.csv
10.22456/2175-2745.11468,ALUPAS: Avaliação de desempenho e consumo de energia de softwares para sistemas embarcados,,,,,,,,,,,,,,,,,,,,,,,articles-RITA-20260617-dointext.csv
10.22456/2175-2745.11469,Avaliação Pró-ativa da Deterioração de Sistemas de Informação por meio de Medidas de Gestão,,,,,,,,,,,,,,,,,,,,,,,articles-RITA-20260617-dointext.csv
10.22456/2175-2745.11471,High Performance Computing: CUDA as a Supporting Technology for Next Generation Augmented Reality Applications,,,,,,,,,,,,,,,,,,,,,,,articles-RITA-20260617-dointext.csv
10.22456/2175-2745.11473,"Efeitos Visuais, uma Abordagem a Partir do Processamento Digital de Imagens",,,,,,,,,,,,,,,,,,,,,,,articles-RITA-20260617-dointext.csv
10.22456/2175-2745.11477,Tutorial: Introdução à Visão Computacional usando OpenCV,,,,,,,,,,,,,,,,,,,,,,,articles-RITA-20260617-dointext.csv
10.22456/2175-2745.116017,Evaluating the Causal Effect of Multimedia and Affective Temperament in Felt Emotion and Liking,,,,,,,,,,,,,,,,,,,,,,,articles-RITA-20260617-dointext.csv
10.22456/2175-2745.11607,Análise do Controle Motor com Interações usando Dispositivos Convencionais e Realidade Aumentada,,,,,,,,,,,,,,,,,,,,,,,articles-RITA-20260617-dointext.csv
10.22456/2175-2745.11631,Variation Detection applied in User Signature Verification,,,,,,,,,,,,,,,,,,,,,,,articles-RITA-20260617-dointext.csv
10.22456/2175-2745.116606,Contributions on Computer Music from the SBCM 2019,,,,,,,,,,,,,,,,,,,,,,,articles-RITA-20260617-dointext.csv
10.22456/2175-2745.11662,Aprendizado e Controle de Robôs Móveis Autônomos Utilizando Atenção Visual,,,,,,,,,,,,,,,,,,,,,,,articles-RITA-20260617-dointext.csv
10.22456/2175-2745.11695,Estratégias de Atualização de Políticas para a Coordenação de Agentes Baseados em Enxames,,,,,,,,,,,,,,,,,,,,,,,articles-RITA-20260617-dointext.csv
10.22456/2175-2745.117481,Exploring Supervised Techniques for Automated Recognition of Intention Classes from Portuguese Free Texts on Agriculture,,,,,,,,,,,,,,,,,,,,,,,articles-RITA-20260617-dointext.csv
10.22456/2175-2745.118372,Building Contrastive Summaries of Subjective Text Via Opinion Ranking,,,,,,,,,,,,,,,,,,,,,,,articles-RITA-20260617-dointext.csv
10.22456/2175-2745.119164,SSM: A Semantic Metasearch Platform for Scientific Data retrieval,,,,,,,,,,,,,,,,,,,,,,,articles-RITA-20260617-dointext.csv
10.22456/2175-2745.119196,Stochastic Models for Planning VLE Moodle Environments based on Containers and Virtual Machines,,,,,,,,,,,,,,,,,,,,,,,articles-RITA-20260617-dointext.csv
10.22456/2175-2745.119207,Efficient Breast Cancer Classification Using Histopathological Images and a Simple VGG,,,,,,,,,,,,,,,,,,,,,,,articles-RITA-20260617-dointext.csv
10.22456/2175-2745.120399,Application of Profile Prediction for Proactive Scheduling,,,,,,,,,,,,,,,,,,,,,,,articles-RITA-20260617-dointext.csv
10.22456/2175-2745.12104,Estimação de Probabilidade de Perda de Dados em Redes Através de Modelagem Multifractal de Tráfego e Teoria de Muitas Fontes,,,,,,,,,,,,,,,,,,,,,,,articles-RITA-20260617-dointext.csv
10.22456/2175-2745.12119,Desenvolvimento e Avaliação de um Protocolo Eletrônico para Atendimento e Monitoramento do Paciente com Doença Celíaca,,,,,,,,,,,,,,,,,,,,,,,articles-RITA-20260617-dointext.csv
10.22456/2175-2745.121388,Optimal Control and Adaptive Learning for Stabilization of a Quadrotor-type Unmanned Aerial Vehicle via Approximate Dynamic Programming,,,,,,,,,,,,,,,,,,,,,,,articles-RITA-20260617-dointext.csv
10.22456/2175-2745.121425,SEGBEE: Mobile Application for Honey Segmentation in Apiary Boards,,,,,,,,,,,,,,,,,,,,,,,articles-RITA-20260617-dointext.csv
10.22456/2175-2745.122929,"Multi-Objective, Multi-Armed Bandits: Algorithms for Repeated Games and Application to Route Choice",,,,,,,,,,,,,,,,,,,,,,,articles-RITA-20260617-dointext.csv
10.22456/2175-2745.12327,Snake-3D na Modelagem Tridimensional e Medição do Comprimento de Arcos Elétricos,,,,,,,,,,,,,,,,,,,,,,,articles-RITA-20260617-dointext.csv
10.22456/2175-2745.12361,Editorial: 20 anos da Revista de Informática Teórica e Aplicada,,,,,,,,,,,,,,,,,,,,,,,articles-RITA-20260617-dointext.csv
10.22456/2175-2745.12362,Prefácio à Seção Especial dos Tutoriais do SIBGRAPI'08,,,,,,,,,,,,,,,,,,,,,,,articles-RITA-20260617-dointext.csv
10.22456/2175-2745.124564,Neural Classification of Rotor Faults in Three-Phase Induction Motors using Electric Current Signals in the Frequency Domain,,,,,,,,,,,,,,,,,,,,,,,articles-RITA-20260617-dointext.csv
10.22456/2175-2745.12509,Quantools: A MDA transformation approach,,,,,,,,,,,,,,,,,,,,,,,articles-RITA-20260617-dointext.csv
10.22456/2175-2745.125288,Optimization Inspired by the Organization of Interiors Applied to Cluster Analysis,,,,,,,,,,,,,,,,,,,,,,,articles-RITA-20260617-dointext.csv
10.22456/2175-2745.125396,Comparative Analysis of Blockchain-Based Platforms for Managing Electronic Health Records in the Public Healthcare System of Brazil,,,,,,,,,,,,,,,,,,,,,,,articles-RITA-20260617-dointext.csv
10.22456/2175-2745.125567,Performance Assessment of a Wireless Mesh Network for Post-harvest Food Quality Traceability of Fruit Products: A Case Study,,,,,,,,,,,,,,,,,,,,,,,articles-RITA-20260617-dointext.csv
10.22456/2175-2745.12569,HiME: Hierarchical i* Modeling Editor,,,,,,,,,,,,,,,,,,,,,,,articles-RITA-20260617-dointext.csv
10.22456/2175-2745.12570,An Ontology-Based Framework for Heterogeneous Data Sources Integration,,,,,,,,,,,,,,,,,,,,,,,articles-RITA-20260617-dointext.csv
10.22456/2175-2745.12571,A Temporal-Rule Based Verification System for Business Collaboration Reliability,,,,,,,,,,,,,,,,,,,,,,,articles-RITA-20260617-dointext.csv
10.22456/2175-2745.12572,Semantic Web and Knowledge Management in User Data Privacy,,,,,,,,,,,,,,,,,,,,,,,articles-RITA-20260617-dointext.csv
10.22456/2175-2745.12573,MatchMaking – A Tool to Match OWL Schemas,,,,,,,,,,,,,,,,,,,,,,,articles-RITA-20260617-dointext.csv
10.22456/2175-2745.12576,Web Information Extraction by Semantic Tagging,,,,,,,,,,,,,,,,,,,,,,,articles-RITA-20260617-dointext.csv
10.22456/2175-2745.12577,SAMSTARplus: An Automatic Tool for Generating Multi- Dimensional Schemas from an Entity-Relationship Diagram,,,,,,,,,,,,,,,,,,,,,,,articles-RITA-20260617-dointext.csv
10.22456/2175-2745.12578,An Approach for Reducing the Gap between BPMN Models and Implementation Artifacts,,,,,,,,,,,,,,,,,,,,,,,articles-RITA-20260617-dointext.csv
10.22456/2175-2745.12579,A Frame-Based System for Automatic Classification of Semi- Structured Data,,,,,,,,,,,,,,,,,,,,,,,articles-RITA-20260617-dointext.csv
10.22456/2175-2745.12580,Dealing with Uncertainty in Lexical Annotation,,,,,,,,,,,,,,,,,,,,,,,articles-RITA-20260617-dointext.csv
10.22456/2175-2745.12581,Towards Generating Richer Code by Binding Security Abstractions to BPMN Task Types,,,,,,,,,,,,,,,,,,,,,,,articles-RITA-20260617-dointext.csv
10.22456/2175-2745.12582,An Eclipse-based Tool for Model Driven Web Applications with Personalization Support,,,,,,,,,,,,,,,,,,,,,,,articles-RITA-20260617-dointext.csv
10.22456/2175-2745.125825,Chatbot Optimization using Sentiment Analysis and Timeline Navigation,,,,,,,,,,,,,,,,,,,,,,,articles-RITA-20260617-dointext.csv
10.22456/2175-2745.12583,Conceptual Modeling: the Linguistic Approach,,,,,,,,,,,,,,,,,,,,,,,articles-RITA-20260617-dointext.csv
10.22456/2175-2745.12584,UMLtoSBVR: An SBVR-based tool to validate UML conceptual schemas,,,,,,,,,,,,,,,,,,,,,,,articles-RITA-20260617-dointext.csv
10.22456/2175-2745.12585,The Animated Database Courseware (ADbC) and the Database Design Module,,,,,,,,,,,,,,,,,,,,,,,articles-RITA-20260617-dointext.csv
10.22456/2175-2745.12586,Aumento de Resolução Temporal de Sequências de Imagens do Trato Vocal por meio de Registro das Imagens,,,,,,,,,,,,,,,,,,,,,,,articles-RITA-20260617-dointext.csv
10.22456/2175-2745.12587,Eliminação de Ruído Impulsivo Usando um Filtro Mediano Seletivo e Difusão Isotrópica,,,,,,,,,,,,,,,,,,,,,,,articles-RITA-20260617-dointext.csv
10.22456/2175-2745.12588,HSM: A New Color Space used in the Processing of Color Images,,,,,,,,,,,,,,,,,,,,,,,articles-RITA-20260617-dointext.csv
10.22456/2175-2745.12590,An Approach Based on Maintainability Criteria for Building Aspect-Oriented Software Design Model,,,,,,,,,,,,,,,,,,,,,,,articles-RITA-20260617-dointext.csv
10.22456/2175-2745.126016,COVID-19 Detection Using Forced Cough Sounds and Medical Information,,,,,,,,,,,,,,,,,,,,,,,articles-RITA-20260617-dointext.csv
10.22456/2175-2745.126309,Autism Spectrum Disorder Diagnosis Assistance using Machine Learning,,,,,,,,,,,,,,,,,,,,,,,articles-RITA-20260617-dointext.csv
10.22456/2175-2745.12631,Editorial,,,,,,,,,,,,,,,,,,,,,,,articles-RITA-20260617-dointext.csv
10.22456/2175-2745.12643,Avaliação do Desempenho da Utilização de Threads em user level em Linux,,,,,,,,,,,,,,,,,,,,,,,articles-RITA-20260617-dointext.csv
10.22456/2175-2745.126544,Provision and Collection of Safety Evidence: A Systematic Literature Review,,,,,,,,,,,,,,,,,,,,,,,articles-RITA-20260617-dointext.csv
10.22456/2175-2745.12669,Modelo Estatístico para a Determinação do Número Ótimo de Iterações  do Filtro de Difusão Anisotrópica Aplicado à Redução de Ruído de  Imagens de Ressonância Magnética do Cérebro,,,,,,,,,,,,,,,,,,,,,,,articles-RITA-20260617-dointext.csv
10.22456/2175-2745.127207,Livestock Monitoring Prototype Implementation and Validation,,,,,,,,,,,,,,,,,,,,,,,articles-RITA-20260617-dointext.csv
10.22456/2175-2745.128836,Catboost Algorithm Application in Legal Texts and UN 2030 Agenda,,,,,,,,,,,,,,,,,,,,,,,articles-RITA-20260617-dointext.csv
10.22456/2175-2745.12923,Inteligência Swarm e Equilíbrio de Verhulst Aplicados à Alocação de Potência em Redes Ópticas CDMA Particionadas,,,,,,,,,,,,,,,,,,,,,,,articles-RITA-20260617-dointext.csv
10.22456/2175-2745.12943,Integração de evidências em redes credais e a regra de Jeffrey,,,,,,,,,,,,,,,,,,,,,,,articles-RITA-20260617-dointext.csv
10.22456/2175-2745.129783,The Use of Technology in the Diagnosis and Treatment of Epilepsy: Trends and Open Issues,,,,,,,,,,,,,,,,,,,,,,,articles-RITA-20260617-dointext.csv
10.22456/2175-2745.129787,"Road Pavement Damage Detection using Computer Vision Techniques: Approaches, Challenges and Opportunities",,,,,,,,,,,,,,,,,,,,,,,articles-RITA-20260617-dointext.csv
10.22456/2175-2745.129990,Evaluation of the Relationship Between the Age of the Patient and the Mandibular Trabecular Bone Structure Through Dental Cone Beam Tomographic Images by Means of a Convolutional Neural Network,,,,,,,,,,,,,,,,,,,,,,,articles-RITA-20260617-dointext.csv
10.22456/2175-2745.130465,Predictive Maintenance based on Log Analysis: A Systematic Review,,,,,,,,,,,,,,,,,,,,,,,articles-RITA-20260617-dointext.csv
10.22456/2175-2745.130579,Automated Lung Region Segmentation in Pediatric Chest Radiography,,,,,,,,,,,,,,,,,,,,,,,articles-RITA-20260617-dointext.csv
10.22456/2175-2745.130630,Power Allocation in Orthogonal Frequency Division Multiplexing-based Wireless Networks Using Reinforcement Learning,,,,,,,,,,,,,,,,,,,,,,,articles-RITA-20260617-dointext.csv
10.22456/2175-2745.130645,Image Classification Using Convolutional Neural Networks for Automatic Correction of Multiprova Answer Sheets,,,,,,,,,,,,,,,,,,,,,,,articles-RITA-20260617-dointext.csv
10.22456/2175-2745.130662,Use of wearable chemical sensors in IoT: a systematic literature review,,,,,,,,,,,,,,,,,,,,,,,articles-RITA-20260617-dointext.csv
10.22456/2175-2745.130669,Machine Learning Algorithms for Peripheral Blood Cell Classification - A Hemovision Project Experience,,,,,,,,,,,,,,,,,,,,,,,articles-RITA-20260617-dointext.csv
10.22456/2175-2745.133375,Predicting Startup Success Using Tree-Based Machine Learning Algorithms,,,,,,,,,,,,,,,,,,,,,,,articles-RITA-20260617-dointext.csv
10.22456/2175-2745.133785,Machine learning in medicine using JavaScript: building web apps using TensorFlow.js for interpreting biomedical datasets,,,,,,,,,,,,,,,,,,,,,,,articles-RITA-20260617-dointext.csv
10.22456/2175-2745.134925,A Random Generation of Haskell Programs Applied to Optimization Testing in Compilers,,,,,,,,,,,,,,,,,,,,,,,articles-RITA-20260617-dointext.csv
10.22456/2175-2745.135436,"Detection and Pose Adjustment in Physical Exercises using Computer Vision Techniques: Approaches, Challenges and Opportunities",,,,,,,,,,,,,,,,,,,,,,,articles-RITA-20260617-dointext.csv
10.22456/2175-2745.135781,Performance Evaluation and Operational Availability of a Textile Manufacturing 4.0 Using Stochastic Petri Nets,,,,,,,,,,,,,,,,,,,,,,,articles-RITA-20260617-dointext.csv
10.22456/2175-2745.136072,Prediction of Stock Prices Using Ensemble Models,,,,,,,,,,,,,,,,,,,,,,,articles-RITA-20260617-dointext.csv
10.22456/2175-2745.136309,Framework for Security Risk Assessment (FSRA) and Fuzzy Risk Inference System (FRIS) based on Standard ISO/IEC 27002:2022,,,,,,,,,,,,,,,,,,,,,,,articles-RITA-20260617-dointext.csv
10.22456/2175-2745.136568,Energy Consumption and Performance Evaluation of Multi-Model NoSQL DBMSs,,,,,,,,,,,,,,,,,,,,,,,articles-RITA-20260617-dointext.csv
10.22456/2175-2745.137324,Modeling and Analysis of a Telesurgery Environment Considering a 5G Network,,,,,,,,,,,,,,,,,,,,,,,articles-RITA-20260617-dointext.csv
10.22456/2175-2745.13764,Tutorial sobre Fuzzy-c-Means e Fuzzy Learning Vector Quantization: Abordagens Híbridas para Tarefas de Agrupamento e Classificação,,,,,,,,,,,,,,,,,,,,,,,articles-RITA-20260617-dointext.csv
10.22456/2175-2745.139289,Rough Sets and Multilayer Perceptron in Tandem for Processing the Aleatory Uncertainty in COVID-19 Cases,,,,,,,,,,,,,,,,,,,,,,,articles-RITA-20260617-dointext.csv
10.22456/2175-2745.139523,Comparative Study of Predictive Models Based on Moving Averages Applied in Binary Options in the Financial Market,,,,,,,,,,,,,,,,,,,,,,,articles-RITA-20260617-dointext.csv
10.22456/2175-2745.139902,UnbIAs - Google Translate Gender Bias Mitigation and Addition of Genderless Translation,,,,,,,,,,,,,,,,,,,,,,,articles-RITA-20260617-dointext.csv
10.22456/2175-2745.140067,Supervised Learning Algorithms Evaluation on Sweet Potato Data for Production Indices Considering Human Consumption,,,,,,,,,,,,,,,,,,,,,,,articles-RITA-20260617-dointext.csv
10.22456/2175-2745.140149,Analysis of Forensic Tools for Recovery of Formatted Data: a case study with Microsoft Word files,,,,,,,,,,,,,,,,,,,,,,,articles-RITA-20260617-dointext.csv
10.22456/2175-2745.140214,Systematic Literature Review on the Application of Controllers Based on Cellular Automata in Robotic Tasks,,,,,,,,,,,,,,,,,,,,,,,articles-RITA-20260617-dointext.csv
10.22456/2175-2745.140570,Ontology for Healthcare AI Privacy in Brazil,,,,,,,,,,,,,,,,,,,,,,,articles-RITA-20260617-dointext.csv
10.22456/2175-2745.140750,A Parameterized Model for Multimedia-Content Placement of the Streaming Service on 5G Cellular Networks,,,,,,,,,,,,,,,,,,,,,,,articles-RITA-20260617-dointext.csv
10.22456/2175-2745.141585,Machine Learning Applied to Biological Sequence Comparison: an Alignment-free Approach,,,,,,,,,,,,,,,,,,,,,,,articles-RITA-20260617-dointext.csv
10.22456/2175-2745.141618,Symmetric Peer-to-Peer Applications,,,,,,,,,,,,,,,,,,,,,,,articles-RITA-20260617-dointext.csv
10.22456/2175-2745.142111,A Bibliometric Study on the Applications of Neural Networks in Metal Surface Defect Inspection,,,,,,,,,,,,,,,,,,,,,,,articles-RITA-20260617-dointext.csv
10.22456/2175-2745.142129,On the Use of  Spectral Data from Smartphone Accelerometer Signals and  Constituent Material for the Identification of Damaged Walls,,,,,,,,,,,,,,,,,,,,,,,articles-RITA-20260617-dointext.csv
10.22456/2175-2745.142648,Comparison of AI Models for Data Extraction in Glucometers,,,,,,,,,,,,,,,,,,,,,,,articles-RITA-20260617-dointext.csv
10.22456/2175-2745.142954,"Optimizing Mikrotik-Based Network Security using Address List, Firewall Filter Rules, and Raw Firewall",,,,,,,,,,,,,,,,,,,,,,,articles-RITA-20260617-dointext.csv
10.22456/2175-2745.143066,Composite Material Defect Segmentation Using Deep Learning Models and Infrared Thermography,,,,,,,,,,,,,,,,,,,,,,,articles-RITA-20260617-dointext.csv
10.22456/2175-2745.143123,A Speech Emotion Recognition Approach Using Discrete Wavelet Transform and Deep Learning Techniques in a Brazilian Portuguese Corpus,,,,,,,,,,,,,,,,,,,,,,,articles-RITA-20260617-dointext.csv
10.22456/2175-2745.143318,Deep Semantic Segmentation Applied to Honey Bee Comb Cells,,,,,,,,,,,,,,,,,,,,,,,articles-RITA-20260617-dointext.csv
10.22456/2175-2745.143329,Deep Learning-Based Instance Segmentation for Enhanced Navigation of Agricultural Vehicles,,,,,,,,,,,,,,,,,,,,,,,articles-RITA-20260617-dointext.csv
10.22456/2175-2745.143357,Transfer Learning and Handcrafted Features Ensembles for Ultrasound Breast Cancer Image Classification,,,,,,,,,,,,,,,,,,,,,,,articles-RITA-20260617-dointext.csv
10.22456/2175-2745.143392,A New Approach for Soil Carbon and Nitrogen Assessment through Image Analysis: A Case Study with Oxisols and Inceptisols,,,,,,,,,,,,,,,,,,,,,,,articles-RITA-20260617-dointext.csv
10.22456/2175-2745.143437,A Mini-map Alignment Approach using Landmark Observation Information Intrinsic to the Feature-based Visual SLAM Pipeline,,,,,,,,,,,,,,,,,,,,,,,articles-RITA-20260617-dointext.csv
10.22456/2175-2745.143443,Case Study of Deep Learning Methods for Depth Estimation in Indoor Ground Robotics,,,,,,,,,,,,,,,,,,,,,,,articles-RITA-20260617-dointext.csv
10.22456/2175-2745.143458,Rust Detection in Coffee Leaves Using Otsu's Method and Mathematical Morphology,,,,,,,,,,,,,,,,,,,,,,,articles-RITA-20260617-dointext.csv
10.22456/2175-2745.143463,Identifying Malignant Skin Diseases Through Deep Learning,,,,,,,,,,,,,,,,,,,,,,,articles-RITA-20260617-dointext.csv
10.22456/2175-2745.143478,Medical Image Classification with Privacy: Centralized and Federated Learning Comparison,,,,,,,,,,,,,,,,,,,,,,,articles-RITA-20260617-dointext.csv
10.22456/2175-2745.143480,Federated Learning in Breast Cancer Diagnosis,,,,,,,,,,,,,,,,,,,,,,,articles-RITA-20260617-dointext.csv
10.22456/2175-2745.143486,Digital Fencing for Farms: Enhancing Object Detection through Multi-Dataset Integration,,,,,,,,,,,,,,,,,,,,,,,articles-RITA-20260617-dointext.csv
10.22456/2175-2745.143487,Automatic Identification of Relevant Moments in Security Force Videos Using Multimodal Analysis,,,,,,,,,,,,,,,,,,,,,,,articles-RITA-20260617-dointext.csv
10.22456/2175-2745.143490,Evaluating Deep Learning Models for Effective Weed Classification in Agricultural Images,,,,,,,,,,,,,,,,,,,,,,,articles-RITA-20260617-dointext.csv
10.22456/2175-2745.143494,Aedes aegypti Egg Counting with Neural Networks for Object Detection,,,,,,,,,,,,,,,,,,,,,,,articles-RITA-20260617-dointext.csv
10.22456/2175-2745.143495,Castor Beans Identification in Sugarcane Plantations Using Active Learning,,,,,,,,,,,,,,,,,,,,,,,articles-RITA-20260617-dointext.csv
10.22456/2175-2745.143502,Analyzing Bee Behavior Through Video Tracking Using Computer Vision Techniques,,,,,,,,,,,,,,,,,,,,,,,articles-RITA-20260617-dointext.csv
10.22456/2175-2745.143508,Data Augmentation and Convolutional Network Architecture Influence on Distributed Learning,,,,,,,,,,,,,,,,,,,,,,,articles-RITA-20260617-dointext.csv
10.22456/2175-2745.143513,Portal to Other Dimensions: use of Computer Vision to create art work from day life images,,,,,,,,,,,,,,,,,,,,,,,articles-RITA-20260617-dointext.csv
10.22456/2175-2745.143514,Construction of Rolled Digital for Newborns Using Image Registration,,,,,,,,,,,,,,,,,,,,,,,articles-RITA-20260617-dointext.csv
10.22456/2175-2745.143516,Deep Learning-Based Segmentation of Nanomaterial Images Acquired via Scanning Electron Microscopy,,,,,,,,,,,,,,,,,,,,,,,articles-RITA-20260617-dointext.csv
10.22456/2175-2745.143520,Classification of Agricultural Pests Through Digital Images Using Deep Learning,,,,,,,,,,,,,,,,,,,,,,,articles-RITA-20260617-dointext.csv
10.22456/2175-2745.143521,Exploiting Data Augmentation Strategies to Improve the Classification of Spinal Disorders in X-Ray Images,,,,,,,,,,,,,,,,,,,,,,,articles-RITA-20260617-dointext.csv
10.22456/2175-2745.143522,Automatic Detection and Counting of Tuta Absoluta Insect in Trap Images,,,,,,,,,,,,,,,,,,,,,,,articles-RITA-20260617-dointext.csv
10.22456/2175-2745.143523,Fusion of Satellite and Drone Images for Identifying Water Bodies,,,,,,,,,,,,,,,,,,,,,,,articles-RITA-20260617-dointext.csv
10.22456/2175-2745.143526,Artificial Intelligence for Gas Leak Detection with Thermal Cameras and Metal Oxide Semiconductor Sensors,,,,,,,,,,,,,,,,,,,,,,,articles-RITA-20260617-dointext.csv
10.22456/2175-2745.143528,Big Data in Healthcare: Possibilities and Challenges - A Systematic Literature Review,,,,,,,,,,,,,,,,,,,,,,,articles-RITA-20260617-dointext.csv
10.22456/2175-2745.143530,How Misleading Can The Analysis of Human Eye Movements Be? Experiments on Dominante Eye and Cognitive Visual Perception,,,,,,,,,,,,,,,,,,,,,,,articles-RITA-20260617-dointext.csv
10.22456/2175-2745.143534,Sheep Behavioral Analysis with Optical Flow,,,,,,,,,,,,,,,,,,,,,,,articles-RITA-20260617-dointext.csv
10.22456/2175-2745.143537,Leveraging Optimal Methods for Diverse Skin Types Classification in Images for Reduced Bias,,,,,,,,,,,,,,,,,,,,,,,articles-RITA-20260617-dointext.csv
10.22456/2175-2745.143539,Renal Cancer Classification in Tomographic Images Using Convolutional Neural Networks to Assist Early Diagnosis,,,,,,,,,,,,,,,,,,,,,,,articles-RITA-20260617-dointext.csv
10.22456/2175-2745.143541,Bulldogs Nose Detection using Deep Learning,,,,,,,,,,,,,,,,,,,,,,,articles-RITA-20260617-dointext.csv
10.22456/2175-2745.143544,A Novel Brazilian Dataset for Automatic Detection of Psyllid Attacksin Guava,,,,,,,,,,,,,,,,,,,,,,,articles-RITA-20260617-dointext.csv
10.22456/2175-2745.143545,Preprocessing and Optimizer impact on Image-Based Autoimmune Disease Diagnosis,,,,,,,,,,,,,,,,,,,,,,,articles-RITA-20260617-dointext.csv
10.22456/2175-2745.143546,Segmentation of Skin Lesions and their Attributes in Dermatoscopic Images Based on Convolutional Neural Networks,,,,,,,,,,,,,,,,,,,,,,,articles-RITA-20260617-dointext.csv
10.22456/2175-2745.143548,Classification of Cells Infected by Malaria with Vision Transformers Models,,,,,,,,,,,,,,,,,,,,,,,articles-RITA-20260617-dointext.csv
10.22456/2175-2745.143633,Safer Stack: Safe Dump of Off-Highways Trucks in Slope Crest Windrows,,,,,,,,,,,,,,,,,,,,,,,articles-RITA-20260617-dointext.csv
10.22456/2175-2745.143684,YOLO and CNN for Cat Detection and Recognition,,,,,,,,,,,,,,,,,,,,,,,articles-RITA-20260617-dointext.csv
10.22456/2175-2745.143785,Application of Denoising Diffusion Probabilistic Methods in Fetal MRI,,,,,,,,,,,,,,,,,,,,,,,articles-RITA-20260617-dointext.csv
10.22456/2175-2745.143959,Notification Oriented Paradigm based on Internet Protocol (NOP-IP) to Distributed Computing,,,,,,,,,,,,,,,,,,,,,,,articles-RITA-20260617-dointext.csv
10.22456/2175-2745.144479,Do Deep Learning Models Generalize Facial Emotion Recognition in Different Age Groups?,,,,,,,,,,,,,,,,,,,,,,,articles-RITA-20260617-dointext.csv
10.22456/2175-2745.145569,Exploring Topic Modeling in Short Texts from Social Media: A Comparative Analysis of Algorithms,,,,,,,,,,,,,,,,,,,,,,,articles-RITA-20260617-dointext.csv
10.22456/2175-2745.145580,Transformers or Not: A Comparative Study on Defect Inspection in Printed Circuit Boards,,,,,,,,,,,,,,,,,,,,,,,articles-RITA-20260617-dointext.csv
10.22456/2175-2745.145795,NOPL - Improvements in the Language and its Compiler for the Notification Oriented Paradigm,,,,,,,,,,,,,,,,,,,,,,,articles-RITA-20260617-dointext.csv
10.22456/2175-2745.145838,Hybrid Convolutional Neural Network on Fault Detection in Electroluminescence Images of Photovoltaic Cells,,,,,,,,,,,,,,,,,,,,,,,articles-RITA-20260617-dointext.csv
10.22456/2175-2745.146658,An Ontology of Tobacco Production: Enriching Large Language Model-based Decision Support,,,,,,,,,,,,,,,,,,,,,,,articles-RITA-20260617-dointext.csv
10.22456/2175-2745.146689,Hybrid Machine Learning Model for Cache Performance Prediction and Design Space Exploration,,,,,,,,,,,,,,,,,,,,,,,articles-RITA-20260617-dointext.csv
10.22456/2175-2745.146905,Machine Learning and Explainable Artificial Intelligence in Carbon Nanotubes Predictions,,,,,,,,,,,,,,,,,,,,,,,articles-RITA-20260617-dointext.csv
10.22456/2175-2745.146990,Cognitive Modeling and its Applications in Industry: : A Systematized Literature Review,,,,,,,,,,,,,,,,,,,,,,,articles-RITA-20260617-dointext.csv
10.22456/2175-2745.147347,Synergizing CNNs and ViTs: A Survey on Hybrid Models for Benchmark Image Classification,,,,,,,,,,,,,,,,,,,,,,,articles-RITA-20260617-dointext.csv
10.22456/2175-2745.147966,Evaluating Contactless Fingerprint Segmentation for Interoperable Biometric Identification Systems,,,,,,,,,,,,,,,,,,,,,,,articles-RITA-20260617-dointext.csv
10.22456/2175-2745.149849,Analyzing Code Commits Addressing Vulnerabilities in the Android Project,,,,,,,,,,,,,,,,,,,,,,,articles-RITA-20260617-dointext.csv
10.22456/2175-2745.150105,A Systematic Literature Review of Autonomous Line-Following Robots using Reinforcement Learning,,,,,,,,,,,,,,,,,,,,,,,articles-RITA-20260617-dointext.csv
10.22456/2175-2745.150232,Improving the Resilience of Smart City Systems During Network Outage,,,,,,,,,,,,,,,,,,,,,,,articles-RITA-20260617-dointext.csv
10.22456/2175-2745.150620,Combining Complex Networks and Multi-level Local Binary Patterns for Texture Analysis,,,,,,,,,,,,,,,,,,,,,,,articles-RITA-20260617-dointext.csv
10.22456/2175-2745.150621,PSO-based Client Selection to Improve Medical Image Classification in Federated Learning,,,,,,,,,,,,,,,,,,,,,,,articles-RITA-20260617-dointext.csv
10.22456/2175-2745.150622,Ensemble of Handcrafted and Learned Features using a Lightweight CNN for Colorectal Cancer Classification,,,,,,,,,,,,,,,,,,,,,,,articles-RITA-20260617-dointext.csv
10.22456/2175-2745.150636,Federated Learning on Non-IID Environmental Images for Enhanced Wildfire Surveillance,,,,,,,,,,,,,,,,,,,,,,,articles-RITA-20260617-dointext.csv
10.22456/2175-2745.150723,Graph-Based Nearest Centroid for Image Classification,,,,,,,,,,,,,,,,,,,,,,,articles-RITA-20260617-dointext.csv
10.22456/2175-2745.150751,Efficient Pothole Segmentation Using Quantization and Pruning for ADAS,,,,,,,,,,,,,,,,,,,,,,,articles-RITA-20260617-dointext.csv
10.22456/2175-2745.150755,Cross-Validation Deep Learning for Breast Cancer Detection Using DMR-IR Infrared Images,,,,,,,,,,,,,,,,,,,,,,,articles-RITA-20260617-dointext.csv
10.22456/2175-2745.150810,Classifying Synthetic Facial Images: : A Quantitative and Qualitative Approach with AI,,,,,,,,,,,,,,,,,,,,,,,articles-RITA-20260617-dointext.csv
10.22456/2175-2745.150824,Impact of Wavelet Pre-processing on Deep Learning Architectures for Renal Cancer Diagnosis,,,,,,,,,,,,,,,,,,,,,,,articles-RITA-20260617-dointext.csv
10.22456/2175-2745.150833,Automated Analysis of Packaging Seal Failures Using Computer Vision Techniques,,,,,,,,,,,,,,,,,,,,,,,articles-RITA-20260617-dointext.csv
10.22456/2175-2745.150894,SARS-CoV-2 Detection in Genosensor Images via Deep Learning and Data Augmentation,,,,,,,,,,,,,,,,,,,,,,,articles-RITA-20260617-dointext.csv
10.22456/2175-2745.150896,Assessing Deep Hybrid Representations for Colorectal Polyp Classification in Histopathology Images,,,,,,,,,,,,,,,,,,,,,,,articles-RITA-20260617-dointext.csv
10.22456/2175-2745.150897,Enhanced Engine Vibration by Computer Vision Methods for Predictive Maintenance,,,,,,,,,,,,,,,,,,,,,,,articles-RITA-20260617-dointext.csv
10.22456/2175-2745.150900,Generalization in Deepfake Detection: : A Comparative Analysis of Frequency-Domain and CNN Approaches,,,,,,,,,,,,,,,,,,,,,,,articles-RITA-20260617-dointext.csv
10.22456/2175-2745.150902,Automated Segmentation of the Spinal Column in MRI Volumes Using Deep Learning,,,,,,,,,,,,,,,,,,,,,,,articles-RITA-20260617-dointext.csv
10.22456/2175-2745.150903,KLT Revisited: Spatio-Temporal Affine Regression for Feature Tracking,,,,,,,,,,,,,,,,,,,,,,,articles-RITA-20260617-dointext.csv
10.22456/2175-2745.150904,Two-Stage Fine-Tuning of Object Detectors for Industrial Environments,,,,,,,,,,,,,,,,,,,,,,,articles-RITA-20260617-dointext.csv
10.22456/2175-2745.150907,Comparison of Low-Cost 3D Reconstruction Techniques for Change Detection in Indoor Environments,,,,,,,,,,,,,,,,,,,,,,,articles-RITA-20260617-dointext.csv
10.22456/2175-2745.150908,Deep Learning-Based Brain Tumor Classification in MRI with External Validation Across Multiple Datasets,,,,,,,,,,,,,,,,,,,,,,,articles-RITA-20260617-dointext.csv
10.22456/2175-2745.150916,Semantic Segmentation of Coffee Regions From Satellite Images Using Deep Learning,,,,,,,,,,,,,,,,,,,,,,,articles-RITA-20260617-dointext.csv
10.22456/2175-2745.150917,HEVA: Integrating ViT and ResNet50 with ABCD Clinical Features for Skin Cancer Diagnosis,,,,,,,,,,,,,,,,,,,,,,,articles-RITA-20260617-dointext.csv
10.22456/2175-2745.150920,Evaluating Preprocessing and Data Augmentation for Soybean Leaf Pest Classification with Deep Learning,,,,,,,,,,,,,,,,,,,,,,,articles-RITA-20260617-dointext.csv
10.22456/2175-2745.150921,Federated Semantic Segmentation of Synthetic UAV Imagery under Non-IID Conditions,,,,,,,,,,,,,,,,,,,,,,,articles-RITA-20260617-dointext.csv
10.22456/2175-2745.150922,Evaluating Deep Segmentation Models for Wildfire Mapping Using Sentinel-2 Satellite Imagery,,,,,,,,,,,,,,,,,,,,,,,articles-RITA-20260617-dointext.csv
10.22456/2175-2745.150923,"Deep Learning Models for Brachial Lumen Segmentation: : A Comparative Study of UNet++, MultiResUNet, and TransUNet Architectures in B-Mode Ultrasound Imaging",,,,,,,,,,,,,,,,,,,,,,,articles-RITA-20260617-dointext.csv
10.22456/2175-2745.150924,Poultry Detection on Hooks in Meat Processing Plant Production Lines,,,,,,,,,,,,,,,,,,,,,,,articles-RITA-20260617-dointext.csv
10.22456/2175-2745.150926,Livestock Fish Larvae Counting using DETR and YOLO based Deep Networks,,,,,,,,,,,,,,,,,,,,,,,articles-RITA-20260617-dointext.csv
10.22456/2175-2745.150929,Radiomics for the Classification of Radiological Patterns in Computed Tomography,,,,,,,,,,,,,,,,,,,,,,,articles-RITA-20260617-dointext.csv
10.22456/2175-2745.150930,Exploratory Study on Mastitis Identification in Bovine Udders Using Thermography,,,,,,,,,,,,,,,,,,,,,,,articles-RITA-20260617-dointext.csv
10.22456/2175-2745.150932,Performance Evaluation of Low-Cost 3D Scanning Techniques,,,,,,,,,,,,,,,,,,,,,,,articles-RITA-20260617-dointext.csv
10.22456/2175-2745.150936,SAR Images Despeckling Using Convolutional Neural Networks with Stochastic Distances,,,,,,,,,,,,,,,,,,,,,,,articles-RITA-20260617-dointext.csv
10.22456/2175-2745.150939,Sign Language Segmentation Models and Their Impact on Automatic Translation Systems,,,,,,,,,,,,,,,,,,,,,,,articles-RITA-20260617-dointext.csv
10.22456/2175-2745.150940,Comparative Evaluation of YOLO-family Detectors for Pig Detection in Precision Livestock Systems,,,,,,,,,,,,,,,,,,,,,,,articles-RITA-20260617-dointext.csv
10.22456/2175-2745.150941,Improving Image Classification through Active Learning and Pseudo-Labeling in Vision-Language Models,,,,,,,,,,,,,,,,,,,,,,,articles-RITA-20260617-dointext.csv
10.22456/2175-2745.150942,Automation of Coffee Biotic Stresses Classification Using Convolutional Neural Networks and Image Preprocessing Techniques,,,,,,,,,,,,,,,,,,,,,,,articles-RITA-20260617-dointext.csv
10.22456/2175-2745.150950,Human Gesture Recognition using CNNs for Human-Robot Interaction,,,,,,,,,,,,,,,,,,,,,,,articles-RITA-20260617-dointext.csv
10.22456/2175-2745.150955,CoSegXAI: A Pipeline for Context vs. Segmented ROI Images in Lung Disease Classification through Saliency Map Insights,,,,,,,,,,,,,,,,,,,,,,,articles-RITA-20260617-dointext.csv
10.22456/2175-2745.150960,Multi-Fruit Tracking and 3-D Structure Recovery via CoTracker,,,,,,,,,,,,,,,,,,,,,,,articles-RITA-20260617-dointext.csv
10.22456/2175-2745.150968,Magnetic Resonance Imaging Acceleration Using Diffusion Models::  A Comparative Study of MC-DDPM and HFS-SDE,,,,,,,,,,,,,,,,,,,,,,,articles-RITA-20260617-dointext.csv
10.22456/2175-2745.150973,A  Luminous Pen for Air-Writing: Hybrid Approach with Computer Vision and Vision–Language Models,,,,,,,,,,,,,,,,,,,,,,,articles-RITA-20260617-dointext.csv
10.22456/2175-2745.150974,Bias Analysis and Data Augmentation Strategies in Skin Lesion Classification,,,,,,,,,,,,,,,,,,,,,,,articles-RITA-20260617-dointext.csv
10.22456/2175-2745.150976,A Deep Transfer Learning Strategy for Identifying Photovoltaic Panels Mounted on Building Rooftops from Orthophotos,,,,,,,,,,,,,,,,,,,,,,,articles-RITA-20260617-dointext.csv
10.22456/2175-2745.150978,On the use of Image-Based Feature Extraction for Non-Intrusive Load Monitoring: : A Comparative Analysis of Techniques and Window Sizes,,,,,,,,,,,,,,,,,,,,,,,articles-RITA-20260617-dointext.csv
10.22456/2175-2745.150979,Grad-CAM Sensitivity to Orientation Transformations in Breast Cancer Histopathological Images,,,,,,,,,,,,,,,,,,,,,,,articles-RITA-20260617-dointext.csv
10.22456/2175-2745.150980,Two-Dimensional Image Processing for Fault Diagnosis in Centrifugal Pumps: An Approach Based on Feature Engineering and Convolutional Neural Networks,,,,,,,,,,,,,,,,,,,,,,,articles-RITA-20260617-dointext.csv
10.22456/2175-2745.150996,Evaluating Monocular Depth Estimation on Embedded Platforms for Autonomous Navigation,,,,,,,,,,,,,,,,,,,,,,,articles-RITA-20260617-dointext.csv
10.22456/2175-2745.15126,Um Arcabouço para Desenvolvimento de Algoritmos da Análise Formal de Conceitos,,,,,,,,,,,,,,,,,,,,,,,articles-RITA-20260617-dointext.csv
10.22456/2175-2745.151469,Tracking Ethological Behaviors of Broiler Chickens Through Computer Vision (YoloV11) Using an Android Mobile Device,,,,,,,,,,,,,,,,,,,,,,,articles-RITA-20260617-dointext.csv
10.22456/2175-2745.15581,Detecção de Inclinação em Imagens de Documentos,,,,,,,,,,,,,,,,,,,,,,,articles-RITA-20260617-dointext.csv
10.22456/2175-2745.16413,"Usando CSP, RSL e o Modelo PopOrg na Especificação Formal de Organizações de SMAs",,,,,,,,,,,,,,,,,,,,,,,articles-RITA-20260617-dointext.csv
10.22456/2175-2745.16572,Aplicação de Agentes BDI com Percepção Fuzzy em um Modelo Presa-Predador Fuzzy,,,,,,,,,,,,,,,,,,,,,,,articles-RITA-20260617-dointext.csv
10.22456/2175-2745.16730,Um Sistema de Apoio à Decisão Baseado em Agentes para Tratamento de Ocorrências no Setor Elétrico,,,,,,,,,,,,,,,,,,,,,,,articles-RITA-20260617-dointext.csv
10.22456/2175-2745.16996,"Identifying people who are talking about the same topic in social networks, even having a different cultural background",,,,,,,,,,,,,,,,,,,,,,,articles-RITA-20260617-dointext.csv
10.22456/2175-2745.17679,Planejamento de um Serious Games Voltado para Saúde Bucal em Bebês,,,,,,,,,,,,,,,,,,,,,,,articles-RITA-20260617-dointext.csv
10.22456/2175-2745.18244,Comparative Analyses of Power Consumption in Arithmetic Algorithms Implementation,,,,,,,,,,,,,,,,,,,,,,,articles-RITA-20260617-dointext.csv
10.22456/2175-2745.19730,Detecção e Correção Automática de Estilos de Aprendizagem em Sistemas Adaptativos para Educação,,,,,,,,,,,,,,,,,,,,,,,articles-RITA-20260617-dointext.csv
10.22456/2175-2745.20020,Sistema Pervasivo de Informação em Saúde Projetado para ser Programado pelo Usuário Clínico,,,,,,,,,,,,,,,,,,,,,,,articles-RITA-20260617-dointext.csv
10.22456/2175-2745.20688,Protocolo de Leilões Simultâneos com Escalonamento: Aplicação ao Problema de Planejamento de Movimentações de Derivados de Petróleo,,,,,,,,,,,,,,,,,,,,,,,articles-RITA-20260617-dointext.csv
10.22456/2175-2745.20816,Utilização do Caminhamento Aleatório na Identificação de Características de Documentos na Língua Portuguesa,,,,,,,,,,,,,,,,,,,,,,,articles-RITA-20260617-dointext.csv
10.22456/2175-2745.21062,Uma Arquitetura Aberta e Orientada a Serviços para Softwares Assistentes Pessoais,,,,,,,,,,,,,,,,,,,,,,,articles-RITA-20260617-dointext.csv
10.22456/2175-2745.21506,LTI Agent Rescue: A Partial Global Approach for Task Allocation in the RoboCup Rescue,,,,,,,,,,,,,,,,,,,,,,,articles-RITA-20260617-dointext.csv
10.22456/2175-2745.21979,Estudo do Padrão Avançado de Criptografia AES – Advanced Encryption Standard,,,,,,,,,,,,,,,,,,,,,,,articles-RITA-20260617-dointext.csv
10.22456/2175-2745.23471,Combinando Workflows e Semântica para Facilitar o Reuso de Software,,,,,,,,,,,,,,,,,,,,,,,articles-RITA-20260617-dointext.csv
10.22456/2175-2745.25070,Common Dissimilarity Measures are Inappropriate for Time Series Clustering,,,,,,,,,,,,,,,,,,,,,,,articles-RITA-20260617-dointext.csv
10.22456/2175-2745.25202,From UML to SIMULINK CAAM: Formal Specification and Transformation Analysis,,,,,,,,,,,,,,,,,,,,,,,articles-RITA-20260617-dointext.csv
10.22456/2175-2745.25210,A Graph Grammar to Transform a Dataflow Graph into a Multithread Graph and its Application in Task Scheduling,,,,,,,,,,,,,,,,,,,,,,,articles-RITA-20260617-dointext.csv
10.22456/2175-2745.25515,Métodos Computacionais e Estatísticos no Estudo das Ondas de Frequência dos Sinais Eletroencefalográficos e o Envelhecimento: uma Abordagem Através da Análise Linear do Discriminante,,,,,,,,,,,,,,,,,,,,,,,articles-RITA-20260617-dointext.csv
10.22456/2175-2745.25646,Seleção Automática de Casos de Teste de Regressão Baseada em Similaridade e Valores,,,,,,,,,,,,,,,,,,,,,,,articles-RITA-20260617-dointext.csv
10.22456/2175-2745.25720,Generating Integration Test Orders for Aspect Oriented Software with Multi-objective Algorithms,,,,,,,,,,,,,,,,,,,,,,,articles-RITA-20260617-dointext.csv
10.22456/2175-2745.25803,"Compilação Just-In-Time: Histórico, Arquitetura, Princípios e Sistemas",,,,,,,,,,,,,,,,,,,,,,,articles-RITA-20260617-dointext.csv
10.22456/2175-2745.25876,Aplicação de Modelos Intencionais e Sistemas Multiagentes para Estabelecer Políticas de Monitoração de Transparência de Software,,,,,,,,,,,,,,,,,,,,,,,articles-RITA-20260617-dointext.csv
10.22456/2175-2745.25948,Um Sistema para Inspeções de Garantia da Qualidade Baseado em Ontologias e Agentes,,,,,,,,,,,,,,,,,,,,,,,articles-RITA-20260617-dointext.csv
10.22456/2175-2745.25965,Avaliação de Desempenho da Política EBS para Escalonamento em Aplicações com Restrições de Máximo Tempo Médio de Resposta,,,,,,,,,,,,,,,,,,,,,,,articles-RITA-20260617-dointext.csv
10.22456/2175-2745.26055,Uma introdução ao tema Recuperação de Informações Textuais,,,,,,,,,,,,,,,,,,,,,,,articles-RITA-20260617-dointext.csv
10.22456/2175-2745.26211,Intrusion Detection in Unstructured Contexts Using On-line Clustering and Novelty Detection,,,,,,,,,,,,,,,,,,,,,,,articles-RITA-20260617-dointext.csv
10.22456/2175-2745.26274,PColorAnt3-RT: Um Algoritmo ACO Paralelo para Coloração de Grafos,,,,,,,,,,,,,,,,,,,,,,,articles-RITA-20260617-dointext.csv
10.22456/2175-2745.26296,Decision making for a delivery robot through a fuzzy system,,,,,,,,,,,,,,,,,,,,,,,articles-RITA-20260617-dointext.csv
10.22456/2175-2745.26421,"Serviços em Redes Futuras: Objetivos, Tecnologias e Comparação de Iniciativas",,,,,,,,,,,,,,,,,,,,,,,articles-RITA-20260617-dointext.csv
10.22456/2175-2745.26629,Um Sistema de Realização Superficial para Geração de Textos em Português,,,,,,,,,,,,,,,,,,,,,,,articles-RITA-20260617-dointext.csv
10.22456/2175-2745.26905,Deterministic and efficient minimal perfect hashing schemes,,,,,,,,,,,,,,,,,,,,,,,articles-RITA-20260617-dointext.csv
10.22456/2175-2745.27556,Uma Abordagem para Jogos Bayesianos Fuzzy com base na  Probabilidade Fuzzy de Buckley,,,,,,,,,,,,,,,,,,,,,,,articles-RITA-20260617-dointext.csv
10.22456/2175-2745.28371,Uma Avaliação do Esquema de Gerenciamento de Chave Baseado em Identidade Identity Key Management,,,,,,,,,,,,,,,,,,,,,,,articles-RITA-20260617-dointext.csv
10.22456/2175-2745.29997,Simulação do Espalhamento da Influenza na Cidade de Cascavel-PR Utilizando Agentes Computacionais,,,,,,,,,,,,,,,,,,,,,,,articles-RITA-20260617-dointext.csv
10.22456/2175-2745.30242,Independent learners in abstract traffic scenarios,,,,,,,,,,,,,,,,,,,,,,,articles-RITA-20260617-dointext.csv
10.22456/2175-2745.30317,Aplicando Conceitos de Sistemas Multiagentes na Elaboração de um Jogo de Estratégia Simulado,,,,,,,,,,,,,,,,,,,,,,,articles-RITA-20260617-dointext.csv
10.22456/2175-2745.30492,Extending the RoboCup Rescue to Support Stigmergy: Experiments and Results,,,,,,,,,,,,,,,,,,,,,,,articles-RITA-20260617-dointext.csv
10.22456/2175-2745.31690,On the Influence of  Latent Semantic Analysis Parameterization for  Bug Localization,,,,,,,,,,,,,,,,,,,,,,,articles-RITA-20260617-dointext.csv
10.22456/2175-2745.33065,Modelagem de Tráfego VoIP Utilizando Misturas Gaussianas Ajustadas por Algoritmo de Maximização de Esperança e Comprimento de Descrição Mínimo,,,,,,,,,,,,,,,,,,,,,,,articles-RITA-20260617-dointext.csv
10.22456/2175-2745.36371,Aplicação de Modelos de Aprendizado Semissupervisionado na Classificação de Imagens de Sensoriamento Remoto,,,,,,,,,,,,,,,,,,,,,,,articles-RITA-20260617-dointext.csv
10.22456/2175-2745.36756,"Prolog: A Linguagem, A Máquina Abstrata de Warren e Implementações",,,,,,,,,,,,,,,,,,,,,,,articles-RITA-20260617-dointext.csv
10.22456/2175-2745.36801,Seleção de Transformações Baseada em Estatística,,,,,,,,,,,,,,,,,,,,,,,articles-RITA-20260617-dointext.csv
10.22456/2175-2745.36851,Teste de Linha de Produto de Software Baseado em Mutação de Variabilidades,,,,,,,,,,,,,,,,,,,,,,,articles-RITA-20260617-dointext.csv
10.22456/2175-2745.37349,Analysis of Using Metric Access Methods for Visual Search of Objects in Video Databases,,,,,,,,,,,,,,,,,,,,,,,articles-RITA-20260617-dointext.csv
10.22456/2175-2745.37768,Filtragem Wavelet de Sinais Cardíacos através de Algoritmos Adaptativos,,,,,,,,,,,,,,,,,,,,,,,articles-RITA-20260617-dointext.csv
10.22456/2175-2745.37870,Uma Estratégia Baseada em Difusão de Informação para Determinação de Conteúdos Relevantes e Usuários Influentes em Redes Sociais,,,,,,,,,,,,,,,,,,,,,,,articles-RITA-20260617-dointext.csv
10.22456/2175-2745.39702,Support Vector Machines and Kernel Functions for Text Processing,,,,,,,,,,,,,,,,,,,,,,,articles-RITA-20260617-dointext.csv
10.22456/2175-2745.40202,Assessing the Semiotic Inspection Method – The Evaluators’ Perspective,,,,,,,,,,,,,,,,,,,,,,,articles-RITA-20260617-dointext.csv
10.22456/2175-2745.40994,Expressiveness of Automatic Semantic Web Service Composition Approaches: A Survey based on Workﬂow Patterns,,,,,,,,,,,,,,,,,,,,,,,articles-RITA-20260617-dointext.csv
10.22456/2175-2745.41936,Introdução aos Sistemas de Recomendação para Grupos,,,,,,,,,,,,,,,,,,,,,,,articles-RITA-20260617-dointext.csv
10.22456/2175-2745.43300,Seleção de Casos de Teste para Agentes Racionais,,,,,,,,,,,,,,,,,,,,,,,articles-RITA-20260617-dointext.csv
10.22456/2175-2745.43468,XIRU: Interface de Rede Extensível para Integração de Núcleos a uma Rede-em-Chip,,,,,,,,,,,,,,,,,,,,,,,articles-RITA-20260617-dointext.csv
10.22456/2175-2745.43510,Segurança em Redes-em-Chip:  Conceitos e Revisão do Estado da Arte,,,,,,,,,,,,,,,,,,,,,,,articles-RITA-20260617-dointext.csv
10.22456/2175-2745.44199,O Teste de Mutação apoiado pelo Algoritmo Genético Coevolucionário com Classificação Genética Controlada,,,,,,,,,,,,,,,,,,,,,,,articles-RITA-20260617-dointext.csv
10.22456/2175-2745.46848,Local Binary Patterns Applied to Breast Cancer Classification in Mammographies,,,,,,,,,,,,,,,,,,,,,,,articles-RITA-20260617-dointext.csv
10.22456/2175-2745.47524,Comparativo entre o algoritmo de Luhn e o algoritmo GistSumm para sumarização de documentos,,,,,,,,,,,,,,,,,,,,,,,articles-RITA-20260617-dointext.csv
10.22456/2175-2745.47589,Do multiple sclerosis lesions affect the outcome of magnetic resonance image registration?,,,,,,,,,,,,,,,,,,,,,,,articles-RITA-20260617-dointext.csv
10.22456/2175-2745.48184,Tutorial Sobre o Uso de Técnicas para Controle de Parâmetros em Algoritmos de Inteligência de Enxame e Computação Evolutiva,,,,,,,,,,,,,,,,,,,,,,,articles-RITA-20260617-dointext.csv
10.22456/2175-2745.48395,Reconhecimento de Padrões em Tecnologia Portável – Um Estudo de Caso,,,,,,,,,,,,,,,,,,,,,,,articles-RITA-20260617-dointext.csv
10.22456/2175-2745.49045,Predição do tráfego de rede de computadores usando redes neurais tradicionais e de aprendizagem profunda,,,,,,,,,,,,,,,,,,,,,,,articles-RITA-20260617-dointext.csv
10.22456/2175-2745.49242,Predição de função de proteínas através da extração de características físico-químicas,,,,,,,,,,,,,,,,,,,,,,,articles-RITA-20260617-dointext.csv
10.22456/2175-2745.49491,SciPy and OpenCV as an interactive computing environment for computer vision,,,,,,,,,,,,,,,,,,,,,,,articles-RITA-20260617-dointext.csv
10.22456/2175-2745.49492,Visual Computing and Machine Learning Techniques for Digital Forensics,,,,,,,,,,,,,,,,,,,,,,,articles-RITA-20260617-dointext.csv
10.22456/2175-2745.49694,Programação matemática e imersões métricas para aproximações em problemas de corte,,,,,,,,,,,,,,,,,,,,,,,articles-RITA-20260617-dointext.csv
10.22456/2175-2745.50383,Proof Tactics for Theorem Proving  Graph  Grammars through Rodin,,,,,,,,,,,,,,,,,,,,,,,articles-RITA-20260617-dointext.csv
10.22456/2175-2745.51121,QJava: A Monadic Java Library for Quantum Programming,,,,,,,,,,,,,,,,,,,,,,,articles-RITA-20260617-dointext.csv
10.22456/2175-2745.51452,Deconvolução Cega Aplicada à Correção de Artefatos de Movimento em Imagens de Vídeo de Microscopia Intravital para Detecção Automática de Leucócitos,,,,,,,,,,,,,,,,,,,,,,,articles-RITA-20260617-dointext.csv
10.22456/2175-2745.51756,Software para Auxílio no Processo de Elaboração do Cariótipo,,,,,,,,,,,,,,,,,,,,,,,articles-RITA-20260617-dointext.csv
10.22456/2175-2745.52511,Coverage Criteria for Set-Based Specifications,,,,,,,,,,,,,,,,,,,,,,,articles-RITA-20260617-dointext.csv
10.22456/2175-2745.52609,Identificação de Viabilidade de Leveduras Com Corante Vital Utilizando Histogramas de Palavras Visuais em Imagens Coloridas,,,,,,,,,,,,,,,,,,,,,,,articles-RITA-20260617-dointext.csv
10.22456/2175-2745.52963,Huginn for Jason: Uma arquitetura para agentes normativos,,,,,,,,,,,,,,,,,,,,,,,articles-RITA-20260617-dointext.csv
10.22456/2175-2745.53120,Abordagem Proativa para a Gestão Integrada dos Trabalhos de Projeto,,,,,,,,,,,,,,,,,,,,,,,articles-RITA-20260617-dointext.csv
10.22456/2175-2745.53236,Estudo Comparativo entre as Redes Neurais Artificiais MLP e RBF para Previsão de Cheias em Curto Prazo,,,,,,,,,,,,,,,,,,,,,,,articles-RITA-20260617-dointext.csv
10.22456/2175-2745.53751,Recuperação de modelos médicos por conteúdo usando Extrator Local de Área e Distância,,,,,,,,,,,,,,,,,,,,,,,articles-RITA-20260617-dointext.csv
10.22456/2175-2745.54043,Linguagens de consulta para bases de dados em grafos: um mapeamento sistemático,,,,,,,,,,,,,,,,,,,,,,,articles-RITA-20260617-dointext.csv
10.22456/2175-2745.54370,Classificador de imagens de pulmão utilizando wavelets de Haar e distância de Mahalanobis,,,,,,,,,,,,,,,,,,,,,,,articles-RITA-20260617-dointext.csv
10.22456/2175-2745.54772,Evolução Diferencial com ensemble de Operadores de Mutação em GPGPUs para o Despacho Econômico de Energia Elétrica,,,,,,,,,,,,,,,,,,,,,,,articles-RITA-20260617-dointext.csv
10.22456/2175-2745.55723,O Potencial do Uso de Estimativas de Desempenho na Exploração de Conjuntos de Otimizações,,,,,,,,,,,,,,,,,,,,,,,articles-RITA-20260617-dointext.csv
10.22456/2175-2745.56162,Detecção de Tubos em Imagens Radiográficas Digitais,,,,,,,,,,,,,,,,,,,,,,,articles-RITA-20260617-dointext.csv
10.22456/2175-2745.56177,Automating mobile application development: UML-based code generation for Android and Windows Phone,,,,,,,,,,,,,,,,,,,,,,,articles-RITA-20260617-dointext.csv
10.22456/2175-2745.56368,Método Sistêmico com Suporte em GORE para Análise de Conformidade de Requisitos não Funcionais Implementados em Software,,,,,,,,,,,,,,,,,,,,,,,articles-RITA-20260617-dointext.csv
10.22456/2175-2745.56371,Desenvolvimento de Aplicações Gráficas Interativas com a Unreal Engine 4,,,,,,,,,,,,,,,,,,,,,,,articles-RITA-20260617-dointext.csv
10.22456/2175-2745.56374,Uma Revisão Sobre as Publicações de Sistemas de Detecção de Intrusão,,,,,,,,,,,,,,,,,,,,,,,articles-RITA-20260617-dointext.csv
10.22456/2175-2745.56384,Programming in CUDA for Kepler and Maxwell Architecture,,,,,,,,,,,,,,,,,,,,,,,articles-RITA-20260617-dointext.csv
10.22456/2175-2745.56437,"Hyperspectral Modeling of Material Appearance: General Framework, Challenges and Prospects",,,,,,,,,,,,,,,,,,,,,,,articles-RITA-20260617-dointext.csv
10.22456/2175-2745.56498,Análise Visual utilizando Projeções Multidimensionais,,,,,,,,,,,,,,,,,,,,,,,articles-RITA-20260617-dointext.csv
10.22456/2175-2745.5683,TVX - Time and Versions in XML,,,,,,,,,,,,,,,,,,,,,,,articles-RITA-20260617-dointext.csv
10.22456/2175-2745.5685,Uma Proposta de Framework para Desenvolvimento de Aplicações Paralelas com Mobilidade,,,,,,,,,,,,,,,,,,,,,,,articles-RITA-20260617-dointext.csv
10.22456/2175-2745.5690,Uma Introdução às Support Vector Machines,,,,,,,,,,,,,,,,,,,,,,,articles-RITA-20260617-dointext.csv
10.22456/2175-2745.5691,Técnicas probabilísticas para análise de yield em nível elétrico usando propagação de erros e derivadas numéricas,,,,,,,,,,,,,,,,,,,,,,,articles-RITA-20260617-dointext.csv
10.22456/2175-2745.5692,Aplicação de Redes Neurais Artificiais na Classificação de Padrões Posturais em Crianças Respiradoras Bucais e Nasais,,,,,,,,,,,,,,,,,,,,,,,articles-RITA-20260617-dointext.csv
10.22456/2175-2745.5693,Performance Evaluation of CORBA Concurrency Control Service Using Stochastic Petri Nets,,,,,,,,,,,,,,,,,,,,,,,articles-RITA-20260617-dointext.csv
10.22456/2175-2745.5694,Processos de Decisão de Markov: um tutorial,,,,,,,,,,,,,,,,,,,,,,,articles-RITA-20260617-dointext.csv
10.22456/2175-2745.5695,Aspectos sociotécnicos da computação: contextualizando o desenvolvimento de sistemas de computação com o modelo Mikropolis,,,,,,,,,,,,,,,,,,,,,,,articles-RITA-20260617-dointext.csv
10.22456/2175-2745.5696,Um Olhar Sociotécnico sobre a Engenharia de Software,,,,,,,,,,,,,,,,,,,,,,,articles-RITA-20260617-dointext.csv
10.22456/2175-2745.56977,O uso de Métodos Ágeis no ensino de Métodos Ágeis,,,,,,,,,,,,,,,,,,,,,,,articles-RITA-20260617-dointext.csv
10.22456/2175-2745.5746,Computer Vision and Graphics for Heritage Preservation and Digital Archaeology,,,,,,,,,,,,,,,,,,,,,,,articles-RITA-20260617-dointext.csv
10.22456/2175-2745.5759,Editorial,,,,,,,,,,,,,,,,,,,,,,,articles-RITA-20260617-dointext.csv
10.22456/2175-2745.58022,Mineração em Grandes Massas de Dados Utilizando Hadoop MapReduce e Algoritmos Bio-inspirados: Uma Revisão Sistemática,,,,,,,,,,,,,,,,,,,,,,,articles-RITA-20260617-dointext.csv
10.22456/2175-2745.58551,Relação Entre o Gênero de Espectadores e o Conteúdo de Vídeos,,,,,,,,,,,,,,,,,,,,,,,articles-RITA-20260617-dointext.csv
10.22456/2175-2745.59104,Exploring the subtopic-based relationship map strategy for multi-document summarization,,,,,,,,,,,,,,,,,,,,,,,articles-RITA-20260617-dointext.csv
10.22456/2175-2745.59336,ZipfTool: Uma ferramenta bibliométrica para auxílio na pesquisa teórica,,,,,,,,,,,,,,,,,,,,,,,articles-RITA-20260617-dointext.csv
10.22456/2175-2745.5956,Revisores da RITA no JEMS,,,,,,,,,,,,,,,,,,,,,,,articles-RITA-20260617-dointext.csv
10.22456/2175-2745.5961,An Introduction to Light Interaction with Human Skin,,,,,,,,,,,,,,,,,,,,,,,articles-RITA-20260617-dointext.csv
10.22456/2175-2745.59614,Paralelismo em Prolog: Conceitos e Sistemas,,,,,,,,,,,,,,,,,,,,,,,articles-RITA-20260617-dointext.csv
10.22456/2175-2745.5962,A Gentle Introduction to Predictive Filters,,,,,,,,,,,,,,,,,,,,,,,articles-RITA-20260617-dointext.csv
10.22456/2175-2745.5963,Java Advanced Imaging API: A Tutorial,,,,,,,,,,,,,,,,,,,,,,,articles-RITA-20260617-dointext.csv
10.22456/2175-2745.5964,Shader Programming: An Introduction Using the Effect Framework,,,,,,,,,,,,,,,,,,,,,,,articles-RITA-20260617-dointext.csv
10.22456/2175-2745.5978,A Revista de Informática Teórica e Aplicada e as Tecnologias de Informação,,,,,,,,,,,,,,,,,,,,,,,articles-RITA-20260617-dointext.csv
10.22456/2175-2745.5979,Uso de Aspectos para Verificar Regras de Instanciação de Frameworks,,,,,,,,,,,,,,,,,,,,,,,articles-RITA-20260617-dointext.csv
10.22456/2175-2745.5980,AspectH: Uma Extensão Orientada a Aspectos de Haskel,,,,,,,,,,,,,,,,,,,,,,,articles-RITA-20260617-dointext.csv
10.22456/2175-2745.5981,Making Medical Visual Information Available on the WEB,,,,,,,,,,,,,,,,,,,,,,,articles-RITA-20260617-dointext.csv
10.22456/2175-2745.5982,Um Framework de Apoio à Colaboração no Projeto Distribuído de Sistemas Integrados,,,,,,,,,,,,,,,,,,,,,,,articles-RITA-20260617-dointext.csv
10.22456/2175-2745.5983,Teorias da Aleatoriedade,,,,,,,,,,,,,,,,,,,,,,,articles-RITA-20260617-dointext.csv
10.22456/2175-2745.6011,3D Compression: from A to Zip a first complete example,,,,,,,,,,,,,,,,,,,,,,,articles-RITA-20260617-dointext.csv
10.22456/2175-2745.6012,Introdução ao XNA,,,,,,,,,,,,,,,,,,,,,,,articles-RITA-20260617-dointext.csv
10.22456/2175-2745.6014,Steganography and Steganalysis in Digital Multimedia: Hype or Hallelujah?,,,,,,,,,,,,,,,,,,,,,,,articles-RITA-20260617-dointext.csv
10.22456/2175-2745.6015,Navigation and Interaction in Graph Visualizations,,,,,,,,,,,,,,,,,,,,,,,articles-RITA-20260617-dointext.csv
10.22456/2175-2745.6016,"Dimensionality Reduction, Classification and Reconstruction Problems in Statistical Learning Approaches",,,,,,,,,,,,,,,,,,,,,,,articles-RITA-20260617-dointext.csv
10.22456/2175-2745.60234,Uma contribuição ao auxíılio do diagnóstico do autismo a partir do processamento de imagens para extração de medidas antropométricas,,,,,,,,,,,,,,,,,,,,,,,articles-RITA-20260617-dointext.csv
10.22456/2175-2745.6024,Editorial,,,,,,,,,,,,,,,,,,,,,,,articles-RITA-20260617-dointext.csv
10.22456/2175-2745.6025,Editorial convidado,,,,,,,,,,,,,,,,,,,,,,,articles-RITA-20260617-dointext.csv
10.22456/2175-2745.60989,Avaliação de Incisão Cirúrgica em Simuladores com Realidade Virtual,,,,,,,,,,,,,,,,,,,,,,,articles-RITA-20260617-dointext.csv
10.22456/2175-2745.61220,Método Computacional para o Diagnóstico Precoce da Granulomatose de Wegener,,,,,,,,,,,,,,,,,,,,,,,articles-RITA-20260617-dointext.csv
10.22456/2175-2745.62211,Learning to Identify At-Risk Students in Distance Education Using Interaction Counts,,,,,,,,,,,,,,,,,,,,,,,articles-RITA-20260617-dointext.csv
10.22456/2175-2745.62657,Autômatos celulares unidimensionais caóticos com borda fixa aplicados à modelagem de um sistema criptográfico para imagens digitais,,,,,,,,,,,,,,,,,,,,,,,articles-RITA-20260617-dointext.csv
10.22456/2175-2745.63581,Detecção de leucócitos em imagens de vídeo de microscopia intravital usando a técnica de congruência de fase,,,,,,,,,,,,,,,,,,,,,,,articles-RITA-20260617-dointext.csv
10.22456/2175-2745.64206,Emprego de Banco de Filtros e do Teorema de Imersão de Takens em Padrões Espaciais para a Classificação de Imagética Motora em Interfaces Cérebro-Computador,,,,,,,,,,,,,,,,,,,,,,,articles-RITA-20260617-dointext.csv
10.22456/2175-2745.64413,Comparando o Desempenho de Implementações de Tabelas Hash Concorrentes em Haskell,,,,,,,,,,,,,,,,,,,,,,,articles-RITA-20260617-dointext.csv
10.22456/2175-2745.64431,Computação na Educação Básica no Brasil: o Estado da Arte,,,,,,,,,,,,,,,,,,,,,,,articles-RITA-20260617-dointext.csv
10.22456/2175-2745.65061,Escola Gaúcha de Bioinformática 2015,,,,,,,,,,,,,,,,,,,,,,,articles-RITA-20260617-dointext.csv
10.22456/2175-2745.65372,QEDS: Um Simulador Clássico para Distinção de Elementos Quântico,,,,,,,,,,,,,,,,,,,,,,,articles-RITA-20260617-dointext.csv
10.22456/2175-2745.65538,Autômatos Celulares e Sistema Multiagente para Simulação da Propagação de Doenças,,,,,,,,,,,,,,,,,,,,,,,articles-RITA-20260617-dointext.csv
10.22456/2175-2745.65827,Comparação entre abordagens escaláveis para o processamento de conjuntos de dados textuais,,,,,,,,,,,,,,,,,,,,,,,articles-RITA-20260617-dointext.csv
10.22456/2175-2745.6586,Avaliação Pró-ativa da Deterioração de Sistemas de Informação por meio de Medidas de Gestão,,,,,,,,,,,,,,,,,,,,,,,articles-RITA-20260617-dointext.csv
10.22456/2175-2745.67253,Desenvolvimento de Interface de Usuário para a Melhoria da Consciência Situacional em Gerenciamento de Emergências,,,,,,,,,,,,,,,,,,,,,,,articles-RITA-20260617-dointext.csv
10.22456/2175-2745.6865,Editorial,,,,,,,,,,,,,,,,,,,,,,,articles-RITA-20260617-dointext.csv
10.22456/2175-2745.6867,Guest Editors,,,,,,,,,,,,,,,,,,,,,,,articles-RITA-20260617-dointext.csv
10.22456/2175-2745.69309,"Uma Revisão Sistemática sobre Abordagens em Organizações Virtuais no Contexto de Confiança, Reputação e Computação em Nuvem",,,,,,,,,,,,,,,,,,,,,,,articles-RITA-20260617-dointext.csv
10.22456/2175-2745.69479,Uma Arquitetura de Software para Bibliotecas de Realidade Aumentada Baseada em Marcadores Naturais,,,,,,,,,,,,,,,,,,,,,,,articles-RITA-20260617-dointext.csv
10.22456/2175-2745.6998,FORUM: Modelo e Linguagem para Especificação  de Regras em Ambientes Colaborativos,,,,,,,,,,,,,,,,,,,,,,,articles-RITA-20260617-dointext.csv
10.22456/2175-2745.6999,Estabilidade de Classificadores de Decisão em Árvore Binária para Dados Imagem em Alta Dimensão,,,,,,,,,,,,,,,,,,,,,,,articles-RITA-20260617-dointext.csv
10.22456/2175-2745.7015,On the Development and Evaluation of a Brazilian Portuguese Discourse Parser,,,,,,,,,,,,,,,,,,,,,,,articles-RITA-20260617-dointext.csv
10.22456/2175-2745.7016,Estratégias para a Combinação de Classificadores Binários em Soluções Multiclasses,,,,,,,,,,,,,,,,,,,,,,,articles-RITA-20260617-dointext.csv
10.22456/2175-2745.7023,Representação e Classificação de Texturas da Íris Baseada na Transformada Ótima de Gabor,,,,,,,,,,,,,,,,,,,,,,,articles-RITA-20260617-dointext.csv
10.22456/2175-2745.7024,A Novel Method for Generating Scale Space Kernels Based on Wavelet Theory,,,,,,,,,,,,,,,,,,,,,,,articles-RITA-20260617-dointext.csv
10.22456/2175-2745.7029,Proposta de Utilização do Diagrama de Seqüência para Definição de Casos de Teste de Unidade,,,,,,,,,,,,,,,,,,,,,,,articles-RITA-20260617-dointext.csv
10.22456/2175-2745.7031,Reestruturação de Software Dirigida por Conectividade para Redução de Custo de Manutenção,,,,,,,,,,,,,,,,,,,,,,,articles-RITA-20260617-dointext.csv
10.22456/2175-2745.7032,Uma Proposta de Modelagem para a Generalização de Elos de Rastreabilidade,,,,,,,,,,,,,,,,,,,,,,,articles-RITA-20260617-dointext.csv
10.22456/2175-2745.7033,Inspeção Automática de Defeitos em Madeiras de Pinus usando Visão Computacional,,,,,,,,,,,,,,,,,,,,,,,articles-RITA-20260617-dointext.csv
10.22456/2175-2745.71429,Non-Cooperative Facility Location Games: a Survey,,,,,,,,,,,,,,,,,,,,,,,articles-RITA-20260617-dointext.csv
10.22456/2175-2745.71439,Identificação de amostras de sementes utilizando VisãoComputacional,,,,,,,,,,,,,,,,,,,,,,,articles-RITA-20260617-dointext.csv
10.22456/2175-2745.7146,Revisores,,,,,,,,,,,,,,,,,,,,,,,articles-RITA-20260617-dointext.csv
10.22456/2175-2745.7147,Modelagem de Tráfego de Redes Utilizando Cascata Multifractal Generalizada,,,,,,,,,,,,,,,,,,,,,,,articles-RITA-20260617-dointext.csv
10.22456/2175-2745.7148,Editorial,,,,,,,,,,,,,,,,,,,,,,,articles-RITA-20260617-dointext.csv
10.22456/2175-2745.71775,Análise de desempenho de Banco de Dados Relacionais e Não Relacionais em dados genômicos,,,,,,,,,,,,,,,,,,,,,,,articles-RITA-20260617-dointext.csv
10.22456/2175-2745.73173,Estudo e Modelagem dos Efeitos da Forma e do Crescimento em Processos de Formação de Padrões de Pelagem via Reação-Difusão,,,,,,,,,,,,,,,,,,,,,,,articles-RITA-20260617-dointext.csv
10.22456/2175-2745.7386,Posicionamento de Circuitos 3D Considerando o  Planejamento de 3D-Vias,,,,,,,,,,,,,,,,,,,,,,,articles-RITA-20260617-dointext.csv
10.22456/2175-2745.74030,Sleep Stages Classification Using Spectral Based Statistical Moments as Features,,,,,,,,,,,,,,,,,,,,,,,articles-RITA-20260617-dointext.csv
10.22456/2175-2745.74992,Análise Autônoma de Investimento: Uma Abordagem Multiagente Discreta,,,,,,,,,,,,,,,,,,,,,,,articles-RITA-20260617-dointext.csv
10.22456/2175-2745.75048,"Combining Artificial Intelligence, Ontology, and Frequency-based Approaches to Recommend Activities in Scientific Workflows",,,,,,,,,,,,,,,,,,,,,,,articles-RITA-20260617-dointext.csv
10.22456/2175-2745.75063,Energy Systems in Material Agent Societies,,,,,,,,,,,,,,,,,,,,,,,articles-RITA-20260617-dointext.csv
10.22456/2175-2745.7522,Gerenciando Alterações em Documentos XML,,,,,,,,,,,,,,,,,,,,,,,articles-RITA-20260617-dointext.csv
10.22456/2175-2745.75255,Estratégias de Construções de Comitês de Classificadores Multirrótulos no Aprendizado Semissupervisionado Multidescrição,,,,,,,,,,,,,,,,,,,,,,,articles-RITA-20260617-dointext.csv
10.22456/2175-2745.75300,Simulação Multiagente da Evacuação da Boate Kiss: A Importância da NBR 9.077 e sua relação com o Pânico,,,,,,,,,,,,,,,,,,,,,,,articles-RITA-20260617-dointext.csv
10.22456/2175-2745.75327,Composição de Agentes EBDI: Integração WASABI-Jason,,,,,,,,,,,,,,,,,,,,,,,articles-RITA-20260617-dointext.csv
10.22456/2175-2745.76189,Derivation of Mean Value Coordinates Using Interior Distance and Their Application on Mesh Deformation,,,,,,,,,,,,,,,,,,,,,,,articles-RITA-20260617-dointext.csv
10.22456/2175-2745.76387,Diagnóstico de Glaucoma Utilizando Atributos de Textura e CNN’s Pré-treinadas,,,,,,,,,,,,,,,,,,,,,,,articles-RITA-20260617-dointext.csv
10.22456/2175-2745.76452,A Multi-objective Version of the Lin-Kernighan Heuristic for the Traveling Salesman Problem,,,,,,,,,,,,,,,,,,,,,,,articles-RITA-20260617-dointext.csv
10.22456/2175-2745.76460,MeHarCEn: Um Método de Harmonização do Consumo de Energia em Data Centers,,,,,,,,,,,,,,,,,,,,,,,articles-RITA-20260617-dointext.csv
10.22456/2175-2745.77654,Avaliação do Intel Software Guard Extensions via Emulação,,,,,,,,,,,,,,,,,,,,,,,articles-RITA-20260617-dointext.csv
10.22456/2175-2745.7796,Avaliação Pró-ativa da Deterioração de Sistemas de Informação por meio de Medidas de Gestão,,,,,,,,,,,,,,,,,,,,,,,articles-RITA-20260617-dointext.csv
10.22456/2175-2745.77994,Virtual Reality as a Support Tool for the Treatment of People with Intellectual and Multiple Disabilities: A Systematic Literature Review,,,,,,,,,,,,,,,,,,,,,,,articles-RITA-20260617-dointext.csv
10.22456/2175-2745.78391,IndoLoR -- Uma Plataforma Adaptável para Localização em Ambientes Internos,,,,,,,,,,,,,,,,,,,,,,,articles-RITA-20260617-dointext.csv
10.22456/2175-2745.7857,Teoria espaço-escala: conceitos e abordagens,,,,,,,,,,,,,,,,,,,,,,,articles-RITA-20260617-dointext.csv
10.22456/2175-2745.79152,CoWPar: A D2D Communication Approach Without Pairing for Mobile Social Network in Proximity,,,,,,,,,,,,,,,,,,,,,,,articles-RITA-20260617-dointext.csv
10.22456/2175-2745.79158,Modelos para avaliação de disponibilidade orientada a capacidade de uma nuvem privada,,,,,,,,,,,,,,,,,,,,,,,articles-RITA-20260617-dointext.csv
10.22456/2175-2745.79310,Video Conferencing Evaluation Considering Scalable Video Coding and SDN Network,,,,,,,,,,,,,,,,,,,,,,,articles-RITA-20260617-dointext.csv
10.22456/2175-2745.79333,A Genetic Programming Model for Association Studies to Detect Epistasis in Low Heritability Data,,,,,,,,,,,,,,,,,,,,,,,articles-RITA-20260617-dointext.csv
10.22456/2175-2745.79334,Relative Scalability of NoSQL Databases for Genotype Data Manipulation,,,,,,,,,,,,,,,,,,,,,,,articles-RITA-20260617-dointext.csv
10.22456/2175-2745.79885,Can the Use of nonlinear Color Metrics systematically improve Segmentation?,,,,,,,,,,,,,,,,,,,,,,,articles-RITA-20260617-dointext.csv
10.22456/2175-2745.79994,Algoritmos de Escalonamento Gangue com Estratégias de Migracão em um Ambiente MCMCA,,,,,,,,,,,,,,,,,,,,,,,articles-RITA-20260617-dointext.csv
10.22456/2175-2745.8046,Desenvolvimento de uma rede neuro-fuzzy para predição da temperatura retal de frangos de corte,,,,,,,,,,,,,,,,,,,,,,,articles-RITA-20260617-dointext.csv
10.22456/2175-2745.80478,Investigation of Archiving Techniques for Evolutionary Multi-objective Optimizers,,,,,,,,,,,,,,,,,,,,,,,articles-RITA-20260617-dointext.csv
10.22456/2175-2745.80525,Algorithms for the power-p Steiner tree problem in the Euclidean plane,,,,,,,,,,,,,,,,,,,,,,,articles-RITA-20260617-dointext.csv
10.22456/2175-2745.80557,Um modelo computacional para a simulação de sistemas de transporte urbano,,,,,,,,,,,,,,,,,,,,,,,articles-RITA-20260617-dointext.csv
10.22456/2175-2745.80598,Use of cytomorphometry for classification of subcellular patterns in 3D images,,,,,,,,,,,,,,,,,,,,,,,articles-RITA-20260617-dointext.csv
10.22456/2175-2745.80702,Extreme Learning Machine combined with a Differential Evolution algorithm for lithology identification,,,,,,,,,,,,,,,,,,,,,,,articles-RITA-20260617-dointext.csv
10.22456/2175-2745.80721,Exact Algorithms for the Graph Coloring Problem,,,,,,,,,,,,,,,,,,,,,,,articles-RITA-20260617-dointext.csv
10.22456/2175-2745.80912,Formal Semantics for Java-like Languages and Research Opportunities,,,,,,,,,,,,,,,,,,,,,,,articles-RITA-20260617-dointext.csv
10.22456/2175-2745.8168,Introdução à Programação de Propósito Geral em Hardware Gráfico,,,,,,,,,,,,,,,,,,,,,,,articles-RITA-20260617-dointext.csv
10.22456/2175-2745.82043,Performance Analysis of the Segment Transfer Rate of TCP-UEM,,,,,,,,,,,,,,,,,,,,,,,articles-RITA-20260617-dointext.csv
10.22456/2175-2745.82079,Vulnerability Identification on GNU/Linux Operating Systems through Case-Based Reasoning,,,,,,,,,,,,,,,,,,,,,,,articles-RITA-20260617-dointext.csv
10.22456/2175-2745.82395,Haskell Type System Analysis,,,,,,,,,,,,,,,,,,,,,,,articles-RITA-20260617-dointext.csv
10.22456/2175-2745.82412,Evolutionary Models applied to Multiprocessor TaskScheduling: Serial and Multipopulation Genetic Algorithm,,,,,,,,,,,,,,,,,,,,,,,articles-RITA-20260617-dointext.csv
10.22456/2175-2745.8260,A Journey through Virtual and Augmented Reality - Reviewing the SVR Symposia from 2004 to 2008,,,,,,,,,,,,,,,,,,,,,,,articles-RITA-20260617-dointext.csv
10.22456/2175-2745.8261,The Design of a Graphics Engine for the Development of Virtual Reality Applications,,,,,,,,,,,,,,,,,,,,,,,articles-RITA-20260617-dointext.csv
10.22456/2175-2745.8263,Designing and implementing an Spatial Augmented Reality X-Ray,,,,,,,,,,,,,,,,,,,,,,,articles-RITA-20260617-dointext.csv
10.22456/2175-2745.8265,A Conceptual Image-Based Data Glove for Computer-Human Interaction,,,,,,,,,,,,,,,,,,,,,,,articles-RITA-20260617-dointext.csv
10.22456/2175-2745.8266,A Software Framework to Create 3D Browser-Based Speech Enabled Applications,,,,,,,,,,,,,,,,,,,,,,,articles-RITA-20260617-dointext.csv
10.22456/2175-2745.82772,V: a language with extensible record accessors and a trait-based type system,,,,,,,,,,,,,,,,,,,,,,,articles-RITA-20260617-dointext.csv
10.22456/2175-2745.83498,"Stochastic Models for Optimizing Availability, Cost and Sustainability of Data Center Power Architectures through Genetic Algorithm",,,,,,,,,,,,,,,,,,,,,,,articles-RITA-20260617-dointext.csv
10.22456/2175-2745.83581,Use of text mining techniques for unsupervised organization of digital procedural acts,,,,,,,,,,,,,,,,,,,,,,,articles-RITA-20260617-dointext.csv
10.22456/2175-2745.84330,An Analysis of a Real Mobility Trace Based on Standard Mobility Metrics,,,,,,,,,,,,,,,,,,,,,,,articles-RITA-20260617-dointext.csv
10.22456/2175-2745.8441,SWEETS: um Sistema de Recomendação de Especialistas aplicado a uma plataforma de Gestão de Conhecimento,,,,,,,,,,,,,,,,,,,,,,,articles-RITA-20260617-dointext.csv
10.22456/2175-2745.84814,A gene based bacterial whole genome comparison toolkit,,,,,,,,,,,,,,,,,,,,,,,articles-RITA-20260617-dointext.csv
10.22456/2175-2745.85091,Analysis of the Performance of Genetic Algorithm Parallelized with OpenMP Through Execution Traces,,,,,,,,,,,,,,,,,,,,,,,articles-RITA-20260617-dointext.csv
10.22456/2175-2745.8522,Uma Revisão Sobre Combinação de Agrupamentos,,,,,,,,,,,,,,,,,,,,,,,articles-RITA-20260617-dointext.csv
10.22456/2175-2745.8611,Combinando Modelos de Interação para Melhorar a Coordenação em Sistemas Multiagente,,,,,,,,,,,,,,,,,,,,,,,articles-RITA-20260617-dointext.csv
10.22456/2175-2745.86196,A Taxonomy of container security on computational clouds: concerns and solutions,,,,,,,,,,,,,,,,,,,,,,,articles-RITA-20260617-dointext.csv
10.22456/2175-2745.86380,OLSR Fuzzy Cost (OLSR-FC): an extension to OLSR protocol based on fuzzy logic and applied to avoid selfish nodes,,,,,,,,,,,,,,,,,,,,,,,articles-RITA-20260617-dointext.csv
10.22456/2175-2745.86439,A Model for the Diffusive Filling-In Algorithm Operating in Spike Mode,,,,,,,,,,,,,,,,,,,,,,,articles-RITA-20260617-dointext.csv
10.22456/2175-2745.86478,Virtual Reality-based Training for the Motor Developmentof People With Intellectual and Multiple Disabilities,,,,,,,,,,,,,,,,,,,,,,,articles-RITA-20260617-dointext.csv
10.22456/2175-2745.86534,Elementary Economic Systems in Material Agent Societies,,,,,,,,,,,,,,,,,,,,,,,articles-RITA-20260617-dointext.csv
10.22456/2175-2745.87085,Data Fusion through Fuzzy-Bayesian Networks for Belief Generation in Cognitive Agents,,,,,,,,,,,,,,,,,,,,,,,articles-RITA-20260617-dointext.csv
10.22456/2175-2745.87511,A Strategy for Performance Evaluation and Modeling of Cloud Computing Services,,,,,,,,,,,,,,,,,,,,,,,articles-RITA-20260617-dointext.csv
10.22456/2175-2745.88822,Evaluating the impact of maintenance policies associated to SLA contracts on the dependability of data centers electrical infrastructures,,,,,,,,,,,,,,,,,,,,,,,articles-RITA-20260617-dointext.csv
10.22456/2175-2745.88911,Hybrid Neural Networks Applied to Brazilian Stock Market,,,,,,,,,,,,,,,,,,,,,,,articles-RITA-20260617-dointext.csv
10.22456/2175-2745.89063,"Biclustering and coclustering: concepts, algorithms and viability for text mining",,,,,,,,,,,,,,,,,,,,,,,articles-RITA-20260617-dointext.csv
10.22456/2175-2745.89115,PHOC Descriptor Applied for Mammography Classification,,,,,,,,,,,,,,,,,,,,,,,articles-RITA-20260617-dointext.csv
10.22456/2175-2745.9009,Uma abordagem estrutural para calcular similaridade entre conceitos de ontologias,,,,,,,,,,,,,,,,,,,,,,,articles-RITA-20260617-dointext.csv
10.22456/2175-2745.90724,BeeNotified! A Notification System of Physical Quantities for Beehives Remote Monitoring,,,,,,,,,,,,,,,,,,,,,,,articles-RITA-20260617-dointext.csv
10.22456/2175-2745.90822,An Online Tree-Based Approach for Mining Non-Stationary High-Speed Data Streams,,,,,,,,,,,,,,,,,,,,,,,articles-RITA-20260617-dointext.csv
10.22456/2175-2745.91414,Group Labeling Methodology Using Distance-based Data Grouping Algorithms,,,,,,,,,,,,,,,,,,,,,,,articles-RITA-20260617-dointext.csv
10.22456/2175-2745.91522,Road Surface Classification with Images Captured From Low-cost Camera - Road Traversing Knowledge (RTK) Dataset,,,,,,,,,,,,,,,,,,,,,,,articles-RITA-20260617-dointext.csv
10.22456/2175-2745.91814,Models to evaluate service Provisioning over Cloud Computing Environments - A Blockchain-As-A-Service case study,,,,,,,,,,,,,,,,,,,,,,,articles-RITA-20260617-dointext.csv
10.22456/2175-2745.92117,SafeFollowing: A collaborative model for public security agents to assist people with disabilities and the elderly,,,,,,,,,,,,,,,,,,,,,,,articles-RITA-20260617-dointext.csv
10.22456/2175-2745.92406,A Computational Strategy for Classification of Enem Issues Based on Item Response Theory,,,,,,,,,,,,,,,,,,,,,,,articles-RITA-20260617-dointext.csv
10.22456/2175-2745.92486,HICOLM: High-Performance Platform of Physical Simulations by Using Low Computational Cost Methods,,,,,,,,,,,,,,,,,,,,,,,articles-RITA-20260617-dointext.csv
10.22456/2175-2745.93733,"Traveling Salesman Problem with Optional Bonus Collection, Pickup Time and Passengers",,,,,,,,,,,,,,,,,,,,,,,articles-RITA-20260617-dointext.csv
10.22456/2175-2745.94016,Performability Evaluation of Voice Services in Converged Networks,,,,,,,,,,,,,,,,,,,,,,,articles-RITA-20260617-dointext.csv
10.22456/2175-2745.94082,Prize Collecting Traveling Salesman Problem with Ridesharing,,,,,,,,,,,,,,,,,,,,,,,articles-RITA-20260617-dointext.csv
10.22456/2175-2745.94235,WebGIS development for base flow separation and recharge estimation,,,,,,,,,,,,,,,,,,,,,,,articles-RITA-20260617-dointext.csv
10.22456/2175-2745.94319,Water Resources Analysis: An Approach based on Agent-Based Modeling,,,,,,,,,,,,,,,,,,,,,,,articles-RITA-20260617-dointext.csv
10.22456/2175-2745.94845,Effects of reward distribution strategies and perseverance profiles on agent-based coalitions dynamics,,,,,,,,,,,,,,,,,,,,,,,articles-RITA-20260617-dointext.csv
10.22456/2175-2745.95095,Mosaik and PADE: Multiagents and Co-simulation for smart grids modeling,,,,,,,,,,,,,,,,,,,,,,,articles-RITA-20260617-dointext.csv
10.22456/2175-2745.96081,Unsupervised Feature Selection Methodology for Clustering in High Dimensionality Datasets,,,,,,,,,,,,,,,,,,,,,,,articles-RITA-20260617-dointext.csv
10.22456/2175-2745.96181,Studying the Performance of Cognitive Models in Time Series Forecasting,,,,,,,,,,,,,,,,,,,,,,,articles-RITA-20260617-dointext.csv
10.22456/2175-2745.9644,Aplicação de redes neurais ART e análise de textura para a classificação do estado de alteração de agregados minerais,,,,,,,,,,,,,,,,,,,,,,,articles-RITA-20260617-dointext.csv
10.22456/2175-2745.97411,Arisa Nest – A Cloud-Based Platform for Development of Virtual Assistant,,,,,,,,,,,,,,,,,,,,,,,articles-RITA-20260617-dointext.csv
10.22456/2175-2745.97479,Reactive multi-agent system applied to self-healing in Smart Grids,,,,,,,,,,,,,,,,,,,,,,,articles-RITA-20260617-dointext.csv
10.22456/2175-2745.97835,Comparison of Classical Computer Vision vs. Convolutional Neural Networks for Weed Mapping in Aerial Images,,,,,,,,,,,,,,,,,,,,,,,articles-RITA-20260617-dointext.csv
10.22456/2175-2745.98203,Scrumie: Scrum Teaching Agent Oriented Game,,,,,,,,,,,,,,,,,,,,,,,articles-RITA-20260617-dointext.csv
10.22456/2175-2745.98362,Int-FLBCC: Model for Load Balancing in Cloud Computing using Fuzzy Logic Type-2 and Admissible Orders.,,,,,,,,,,,,,,,,,,,,,,,articles-RITA-20260617-dointext.csv
10.22456/2175-2745.98367,"Similar Yet Different: the Structure of Social Networks of Characters in Seinfeld, Friends, How I met Your Mother, and The Big Bang Theory",,,,,,,,,,,,,,,,,,,,,,,articles-RITA-20260617-dointext.csv
10.22456/2175-2745.98369,DenseNet-DC: Optimizing DenseNet Parameters Through Feature Map Generation Control,,,,,,,,,,,,,,,,,,,,,,,articles-RITA-20260617-dointext.csv
10.22456/2175-2745.98483,Reasoning about Partial Correctness Assertions in Isabelle/HOL,,,,,,,,,,,,,,,,,,,,,,,articles-RITA-20260617-dointext.csv
10.22456/2175-2745.98904,Experiments on Model-Based Software Energy Consumption Analysis Involving Sorting Algorithms,,,,,,,,,,,,,,,,,,,,,,,articles-RITA-20260617-dointext.csv
10.22456/2175-2745.99849,Automatic identification of knowledge related to dengue cases in the state of Piauí in public databases using Filtered-Association Rules Networks,,,,,,,,,,,,,,,,,,,,,,,articles-RITA-20260617-dointext.csv
