Source Era,Source Topic,Target Era,Target Topic,Jaccard Similarity,Flow Weight
2004-2008,Topic 1,2009-2013,Topic 3,0.3043,42
2004-2008,Topic 2,2009-2013,Topic 1,0.0345,3
2004-2008,Topic 3,2009-2013,Topic 2,0.1538,29
2009-2013,Topic 1,2014-2018,Topic 1,0.3043,213
2009-2013,Topic 1,2014-2018,Topic 3,0.0345,24
2009-2013,Topic 2,2014-2018,Topic 2,0.1538,50
2009-2013,Topic 3,2014-2018,Topic 2,0.1538,15
2014-2018,Topic 2,2019-2026,Topic 1,0.0714,25
2014-2018,Topic 2,2019-2026,Topic 2,0.3636,127
2014-2018,Topic 2,2019-2026,Topic 3,0.0345,12
2014-2018,Topic 2,2019-2026,Topic 4,0.0714,25
2014-2018,Topic 2,2019-2026,Topic 5,0.0345,12
